Title,Price,Rating,Color,Size,Gender,Timestamp
Unknown Product,$100.00,⭐ Invalid Rating / 5,5 Colors,M,Men,2025-05-04 14:24:47
T-shirt 2,$102.15,⭐ 3.9 / 5,3 Colors,M,Women,2025-05-04 14:24:47
Hoodie 3,$496.88,⭐ 4.8 / 5,3 Colors,L,Unisex,2025-05-04 14:24:47
Pants 4,$467.31,⭐ 3.3 / 5,3 Colors,XL,Men,2025-05-04 14:24:47
Outerwear 5,$321.59,⭐ 3.5 / 5,3 Colors,XXL,Women,2025-05-04 14:24:47
Jacket 6,$153.37,⭐ 3.3 / 5,3 Colors,S,Unisex,2025-05-04 14:24:47
Crewneck 7,$430.75,⭐ 4.3 / 5,3 Colors,M,Men,2025-05-04 14:24:47
T-shirt 8,$487.66,⭐ 3.1 / 5,3 Colors,L,Women,2025-05-04 14:24:47
Hoodie 9,$248.26,⭐ 3.2 / 5,3 Colors,XL,Unisex,2025-05-04 14:24:47
Pants 10,$193.76,⭐ 4.2 / 5,3 Colors,XXL,Men,2025-05-04 14:24:47
Unknown Product,$100.00,⭐ Invalid Rating / 5,5 Colors,M,Men,2025-05-04 14:24:47
Jacket 12,$532.99,⭐ 3.9 / 5,3 Colors,M,Unisex,2025-05-04 14:24:47
Crewneck 13,$340.45,⭐ 3.2 / 5,3 Colors,L,Men,2025-05-04 14:24:47
T-shirt 14,$203.05,⭐ 3.8 / 5,3 Colors,XL,Women,2025-05-04 14:24:47
Hoodie 15,$136.51,⭐ 3.6 / 5,3 Colors,XXL,Unisex,2025-05-04 14:24:47
Pants 16,N/A,Not Rated,8 Colors,S,Men,2025-05-04 14:24:47
Outerwear 17,$52.60,⭐ 3.8 / 5,3 Colors,M,Women,2025-05-04 14:24:47
Jacket 18,$343.75,⭐ 3.8 / 5,3 Colors,L,Unisex,2025-05-04 14:24:47
Crewneck 19,$81.81,⭐ 3.6 / 5,3 Colors,XL,Men,2025-05-04 14:24:47
T-shirt 20,$82.85,⭐ 3.4 / 5,3 Colors,XXL,Women,2025-05-04 14:24:47
Unknown Product,$100.00,⭐ Invalid Rating / 5,5 Colors,M,Men,2025-05-04 14:24:48
Pants 22,$269.98,⭐ 4.9 / 5,3 Colors,M,Men,2025-05-04 14:24:48
Outerwear 23,$290.99,⭐ 3.7 / 5,3 Colors,L,Women,2025-05-04 14:24:48
Jacket 24,$513.97,⭐ 3.9 / 5,3 Colors,XL,Unisex,2025-05-04 14:24:48
Crewneck 25,$520.16,⭐ 3.3 / 5,3 Colors,XXL,Men,2025-05-04 14:24:48
T-shirt 26,$455.77,⭐ 4.6 / 5,3 Colors,S,Women,2025-05-04 14:24:48
Hoodie 27,$221.99,⭐ 4.8 / 5,3 Colors,M,Unisex,2025-05-04 14:24:48
Pants 28,$326.01,⭐ 4.0 / 5,3 Colors,L,Men,2025-05-04 14:24:48
Outerwear 29,$53.85,⭐ 3.1 / 5,3 Colors,XL,Women,2025-05-04 14:24:48
Jacket 30,$538.14,⭐ 3.7 / 5,3 Colors,XXL,Unisex,2025-05-04 14:24:48
Unknown Product,$100.00,⭐ Invalid Rating / 5,5 Colors,M,Men,2025-05-04 14:24:48
T-shirt 32,$416.12,⭐ 3.4 / 5,3 Colors,M,Women,2025-05-04 14:24:48
Hoodie 33,$453.01,⭐ 3.5 / 5,3 Colors,L,Unisex,2025-05-04 14:24:48
Pants 34,$522.67,⭐ 3.8 / 5,3 Colors,XL,Men,2025-05-04 14:24:48
Outerwear 35,$84.76,⭐ 3.8 / 5,3 Colors,XXL,Women,2025-05-04 14:24:48
Jacket 36,$453.08,⭐ 3.7 / 5,3 Colors,S,Unisex,2025-05-04 14:24:48
Crewneck 37,$375.38,⭐ 4.0 / 5,3 Colors,M,Men,2025-05-04 14:24:48
T-shirt 38,$304.13,⭐ 3.2 / 5,3 Colors,L,Women,2025-05-04 14:24:48
Hoodie 39,$401.95,⭐ 4.6 / 5,3 Colors,XL,Unisex,2025-05-04 14:24:48
Pants 40,$365.85,⭐ 3.1 / 5,3 Colors,XXL,Men,2025-05-04 14:24:48
Unknown Product,$100.00,⭐ Invalid Rating / 5,5 Colors,M,Men,2025-05-04 14:24:49
Jacket 42,$421.51,⭐ 3.7 / 5,3 Colors,M,Unisex,2025-05-04 14:24:49
Crewneck 43,$181.85,⭐ 4.5 / 5,3 Colors,L,Men,2025-05-04 14:24:49
T-shirt 44,$207.02,⭐ 3.0 / 5,3 Colors,XL,Women,2025-05-04 14:24:49
Hoodie 45,$543.32,⭐ 4.5 / 5,3 Colors,XXL,Unisex,2025-05-04 14:24:49
Pants 46,N/A,Not Rated,8 Colors,S,Men,2025-05-04 14:24:49
Outerwear 47,$397.79,⭐ 3.2 / 5,3 Colors,M,Women,2025-05-04 14:24:49
Jacket 48,$312.17,⭐ 3.4 / 5,3 Colors,L,Unisex,2025-05-04 14:24:49
Crewneck 49,$66.95,⭐ 4.0 / 5,3 Colors,XL,Men,2025-05-04 14:24:49
T-shirt 50,$370.81,⭐ 3.1 / 5,3 Colors,XXL,Women,2025-05-04 14:24:49
Unknown Product,$100.00,⭐ Invalid Rating / 5,5 Colors,M,Men,2025-05-04 14:24:49
Pants 52,$99.78,⭐ 4.0 / 5,3 Colors,M,Men,2025-05-04 14:24:49
Outerwear 53,$279.43,⭐ 4.3 / 5,3 Colors,L,Women,2025-05-04 14:24:49
Jacket 54,$53.41,⭐ 4.2 / 5,3 Colors,XL,Unisex,2025-05-04 14:24:49
Crewneck 55,$112.11,⭐ 3.6 / 5,3 Colors,XXL,Men,2025-05-04 14:24:49
T-shirt 56,$290.19,⭐ 3.8 / 5,3 Colors,S,Women,2025-05-04 14:24:49
Hoodie 57,$197.21,⭐ 4.9 / 5,3 Colors,M,Unisex,2025-05-04 14:24:49
Pants 58,$102.36,⭐ 4.4 / 5,3 Colors,L,Men,2025-05-04 14:24:49
Outerwear 59,$140.89,⭐ 4.6 / 5,3 Colors,XL,Women,2025-05-04 14:24:49
Jacket 60,$210.97,⭐ 4.2 / 5,3 Colors,XXL,Unisex,2025-05-04 14:24:49
Unknown Product,$100.00,⭐ Invalid Rating / 5,5 Colors,M,Men,2025-05-04 14:24:50
T-shirt 62,$86.03,⭐ 3.8 / 5,3 Colors,M,Women,2025-05-04 14:24:50
Hoodie 63,$404.95,⭐ 3.6 / 5,3 Colors,L,Unisex,2025-05-04 14:24:50
Pants 64,$483.03,⭐ 4.0 / 5,3 Colors,XL,Men,2025-05-04 14:24:50
Outerwear 65,$149.12,⭐ 4.1 / 5,3 Colors,XXL,Women,2025-05-04 14:24:50
Jacket 66,$272.07,⭐ 3.5 / 5,3 Colors,S,Unisex,2025-05-04 14:24:50
Crewneck 67,$529.42,⭐ 3.5 / 5,3 Colors,M,Men,2025-05-04 14:24:50
T-shirt 68,$501.58,⭐ 4.0 / 5,3 Colors,L,Women,2025-05-04 14:24:50
Hoodie 69,$64.24,⭐ 3.6 / 5,3 Colors,XL,Unisex,2025-05-04 14:24:50
Pants 70,$73.21,⭐ 4.4 / 5,3 Colors,XXL,Men,2025-05-04 14:24:50
Unknown Product,$100.00,⭐ Invalid Rating / 5,5 Colors,M,Men,2025-05-04 14:24:50
Jacket 72,$236.00,⭐ 4.4 / 5,3 Colors,M,Unisex,2025-05-04 14:24:50
Crewneck 73,$153.77,⭐ 3.0 / 5,3 Colors,L,Men,2025-05-04 14:24:50
T-shirt 74,$481.55,⭐ 3.8 / 5,3 Colors,XL,Women,2025-05-04 14:24:50
Hoodie 75,$131.36,⭐ 4.3 / 5,3 Colors,XXL,Unisex,2025-05-04 14:24:50
Pants 76,N/A,Not Rated,8 Colors,S,Men,2025-05-04 14:24:50
Outerwear 77,$53.86,⭐ 3.7 / 5,3 Colors,M,Women,2025-05-04 14:24:50
Jacket 78,$169.78,⭐ 4.3 / 5,3 Colors,L,Unisex,2025-05-04 14:24:50
Crewneck 79,$206.85,⭐ 4.6 / 5,3 Colors,XL,Men,2025-05-04 14:24:50
T-shirt 80,$261.15,⭐ 4.5 / 5,3 Colors,XXL,Women,2025-05-04 14:24:50
Unknown Product,$100.00,⭐ Invalid Rating / 5,5 Colors,M,Men,2025-05-04 14:24:51
Pants 82,$519.72,⭐ 4.8 / 5,3 Colors,M,Men,2025-05-04 14:24:51
Outerwear 83,$246.74,⭐ 3.7 / 5,3 Colors,L,Women,2025-05-04 14:24:51
Jacket 84,$176.63,⭐ 4.8 / 5,3 Colors,XL,Unisex,2025-05-04 14:24:51
Crewneck 85,$285.26,⭐ 3.5 / 5,3 Colors,XXL,Men,2025-05-04 14:24:51
T-shirt 86,$104.43,⭐ 3.9 / 5,3 Colors,S,Women,2025-05-04 14:24:51
Hoodie 87,$491.89,⭐ 4.3 / 5,3 Colors,M,Unisex,2025-05-04 14:24:51
Pants 88,$474.40,⭐ 3.1 / 5,3 Colors,L,Men,2025-05-04 14:24:51
Outerwear 89,$303.52,⭐ 3.0 / 5,3 Colors,XL,Women,2025-05-04 14:24:51
Jacket 90,$447.50,⭐ 4.0 / 5,3 Colors,XXL,Unisex,2025-05-04 14:24:51
Unknown Product,$100.00,⭐ Invalid Rating / 5,5 Colors,M,Men,2025-05-04 14:24:51
T-shirt 92,$313.27,⭐ 3.5 / 5,3 Colors,M,Women,2025-05-04 14:24:51
Hoodie 93,$85.33,⭐ 3.6 / 5,3 Colors,L,Unisex,2025-05-04 14:24:51
Pants 94,$67.18,⭐ 4.3 / 5,3 Colors,XL,Men,2025-05-04 14:24:51
Outerwear 95,$378.89,⭐ 3.5 / 5,3 Colors,XXL,Women,2025-05-04 14:24:51
Jacket 96,$287.39,⭐ 4.9 / 5,3 Colors,S,Unisex,2025-05-04 14:24:51
Crewneck 97,$382.07,⭐ 3.9 / 5,3 Colors,M,Men,2025-05-04 14:24:51
T-shirt 98,$537.31,⭐ 3.1 / 5,3 Colors,L,Women,2025-05-04 14:24:51
Hoodie 99,$314.25,⭐ 3.6 / 5,3 Colors,XL,Unisex,2025-05-04 14:24:51
Pants 100,$138.58,⭐ 4.6 / 5,3 Colors,XXL,Men,2025-05-04 14:24:51
Unknown Product,$100.00,⭐ Invalid Rating / 5,5 Colors,M,Men,2025-05-04 14:24:52
Jacket 102,$240.04,⭐ 3.3 / 5,3 Colors,M,Unisex,2025-05-04 14:24:52
Crewneck 103,$145.73,⭐ 3.5 / 5,3 Colors,L,Men,2025-05-04 14:24:52
T-shirt 104,$148.40,⭐ 3.8 / 5,3 Colors,XL,Women,2025-05-04 14:24:52
Hoodie 105,$313.74,⭐ 4.2 / 5,3 Colors,XXL,Unisex,2025-05-04 14:24:52
Pants 106,N/A,Not Rated,8 Colors,S,Men,2025-05-04 14:24:52
Outerwear 107,$414.07,⭐ 4.0 / 5,3 Colors,M,Women,2025-05-04 14:24:52
Jacket 108,$346.98,⭐ 4.8 / 5,3 Colors,L,Unisex,2025-05-04 14:24:52
Crewneck 109,$367.93,⭐ 3.3 / 5,3 Colors,XL,Men,2025-05-04 14:24:52
T-shirt 110,$449.82,⭐ 4.6 / 5,3 Colors,XXL,Women,2025-05-04 14:24:52
Unknown Product,$100.00,⭐ Invalid Rating / 5,5 Colors,M,Men,2025-05-04 14:24:52
Pants 112,$266.37,⭐ 3.3 / 5,3 Colors,M,Men,2025-05-04 14:24:52
Outerwear 113,$279.50,⭐ 3.7 / 5,3 Colors,L,Women,2025-05-04 14:24:52
Jacket 114,$336.66,⭐ 4.9 / 5,3 Colors,XL,Unisex,2025-05-04 14:24:52
Crewneck 115,$120.83,⭐ 4.5 / 5,3 Colors,XXL,Men,2025-05-04 14:24:52
T-shirt 116,$217.16,⭐ 3.0 / 5,3 Colors,S,Women,2025-05-04 14:24:52
Hoodie 117,$211.02,⭐ 5.0 / 5,3 Colors,M,Unisex,2025-05-04 14:24:52
Pants 118,$349.09,⭐ 3.2 / 5,3 Colors,L,Men,2025-05-04 14:24:52
Outerwear 119,$222.61,⭐ 3.4 / 5,3 Colors,XL,Women,2025-05-04 14:24:52
Jacket 120,$467.52,⭐ 4.0 / 5,3 Colors,XXL,Unisex,2025-05-04 14:24:52
Unknown Product,$100.00,⭐ Invalid Rating / 5,5 Colors,M,Men,2025-05-04 14:24:53
T-shirt 122,$122.62,⭐ 3.6 / 5,3 Colors,M,Women,2025-05-04 14:24:53
Hoodie 123,$281.13,⭐ 3.8 / 5,3 Colors,L,Unisex,2025-05-04 14:24:53
Pants 124,$438.97,⭐ 3.2 / 5,3 Colors,XL,Men,2025-05-04 14:24:53
Outerwear 125,$437.39,⭐ 4.2 / 5,3 Colors,XXL,Women,2025-05-04 14:24:53
Jacket 126,$276.63,⭐ 3.9 / 5,3 Colors,S,Unisex,2025-05-04 14:24:53
Crewneck 127,$519.48,⭐ 4.0 / 5,3 Colors,M,Men,2025-05-04 14:24:53
T-shirt 128,$279.17,⭐ 3.8 / 5,3 Colors,L,Women,2025-05-04 14:24:53
Hoodie 129,$158.28,⭐ 4.5 / 5,3 Colors,XL,Unisex,2025-05-04 14:24:53
Pants 130,$412.72,⭐ 4.8 / 5,3 Colors,XXL,Men,2025-05-04 14:24:53
Unknown Product,$100.00,⭐ Invalid Rating / 5,5 Colors,M,Men,2025-05-04 14:24:53
Jacket 132,$404.68,⭐ 4.2 / 5,3 Colors,M,Unisex,2025-05-04 14:24:53
Crewneck 133,$126.02,⭐ 4.7 / 5,3 Colors,L,Men,2025-05-04 14:24:53
T-shirt 134,$371.09,⭐ 3.2 / 5,3 Colors,XL,Women,2025-05-04 14:24:53
Hoodie 135,$321.34,⭐ 4.7 / 5,3 Colors,XXL,Unisex,2025-05-04 14:24:53
Pants 136,N/A,Not Rated,8 Colors,S,Men,2025-05-04 14:24:53
Outerwear 137,$436.77,⭐ 4.5 / 5,3 Colors,M,Women,2025-05-04 14:24:53
Jacket 138,$289.72,⭐ 3.4 / 5,3 Colors,L,Unisex,2025-05-04 14:24:53
Crewneck 139,$503.32,⭐ 4.5 / 5,3 Colors,XL,Men,2025-05-04 14:24:53
T-shirt 140,$425.69,⭐ 3.5 / 5,3 Colors,XXL,Women,2025-05-04 14:24:53
Unknown Product,$100.00,⭐ Invalid Rating / 5,5 Colors,M,Men,2025-05-04 14:24:54
Pants 142,$145.33,⭐ 4.9 / 5,3 Colors,M,Men,2025-05-04 14:24:54
Outerwear 143,$209.16,⭐ 4.9 / 5,3 Colors,L,Women,2025-05-04 14:24:54
Jacket 144,$359.89,⭐ 4.3 / 5,3 Colors,XL,Unisex,2025-05-04 14:24:54
Crewneck 145,$217.05,⭐ 4.8 / 5,3 Colors,XXL,Men,2025-05-04 14:24:54
T-shirt 146,$480.54,⭐ 4.3 / 5,3 Colors,S,Women,2025-05-04 14:24:54
Hoodie 147,$190.80,⭐ 5.0 / 5,3 Colors,M,Unisex,2025-05-04 14:24:54
Pants 148,$377.09,⭐ 4.7 / 5,3 Colors,L,Men,2025-05-04 14:24:54
Outerwear 149,$194.12,⭐ 3.2 / 5,3 Colors,XL,Women,2025-05-04 14:24:54
Jacket 150,$93.79,⭐ 3.6 / 5,3 Colors,XXL,Unisex,2025-05-04 14:24:54
Unknown Product,$100.00,⭐ Invalid Rating / 5,5 Colors,M,Men,2025-05-04 14:24:54
T-shirt 152,$393.04,⭐ 4.2 / 5,3 Colors,M,Women,2025-05-04 14:24:54
Hoodie 153,$166.29,⭐ 4.3 / 5,3 Colors,L,Unisex,2025-05-04 14:24:54
Pants 154,$146.09,⭐ 3.0 / 5,3 Colors,XL,Men,2025-05-04 14:24:54
Outerwear 155,$236.45,⭐ 4.1 / 5,3 Colors,XXL,Women,2025-05-04 14:24:54
Jacket 156,$415.32,⭐ 3.6 / 5,3 Colors,S,Unisex,2025-05-04 14:24:54
Crewneck 157,$69.11,⭐ 4.0 / 5,3 Colors,M,Men,2025-05-04 14:24:54
T-shirt 158,$457.57,⭐ 4.0 / 5,3 Colors,L,Women,2025-05-04 14:24:54
Hoodie 159,$148.23,⭐ 4.9 / 5,3 Colors,XL,Unisex,2025-05-04 14:24:54
Pants 160,$175.18,⭐ 3.4 / 5,3 Colors,XXL,Men,2025-05-04 14:24:54
Unknown Product,$100.00,⭐ Invalid Rating / 5,5 Colors,M,Men,2025-05-04 14:24:56
Jacket 162,$96.49,⭐ 4.5 / 5,3 Colors,M,Unisex,2025-05-04 14:24:56
Crewneck 163,$491.37,⭐ 4.4 / 5,3 Colors,L,Men,2025-05-04 14:24:56
T-shirt 164,$219.50,⭐ 3.9 / 5,3 Colors,XL,Women,2025-05-04 14:24:56
Hoodie 165,$432.58,⭐ 4.9 / 5,3 Colors,XXL,Unisex,2025-05-04 14:24:56
Pants 166,N/A,Not Rated,8 Colors,S,Men,2025-05-04 14:24:56
Outerwear 167,$204.61,⭐ 3.1 / 5,3 Colors,M,Women,2025-05-04 14:24:56
Jacket 168,$54.40,⭐ 4.4 / 5,3 Colors,L,Unisex,2025-05-04 14:24:56
Crewneck 169,$502.05,⭐ 4.7 / 5,3 Colors,XL,Men,2025-05-04 14:24:56
T-shirt 170,$417.37,⭐ 4.5 / 5,3 Colors,XXL,Women,2025-05-04 14:24:56
Unknown Product,$100.00,⭐ Invalid Rating / 5,5 Colors,M,Men,2025-05-04 14:24:56
Pants 172,$97.88,⭐ 4.9 / 5,3 Colors,M,Men,2025-05-04 14:24:56
Outerwear 173,$439.66,⭐ 4.6 / 5,3 Colors,L,Women,2025-05-04 14:24:56
Jacket 174,$392.64,⭐ 3.3 / 5,3 Colors,XL,Unisex,2025-05-04 14:24:56
Crewneck 175,$507.82,⭐ 4.5 / 5,3 Colors,XXL,Men,2025-05-04 14:24:56
T-shirt 176,$381.52,⭐ 3.6 / 5,3 Colors,S,Women,2025-05-04 14:24:56
Hoodie 177,$118.15,⭐ 4.6 / 5,3 Colors,M,Unisex,2025-05-04 14:24:56
Pants 178,$386.51,⭐ 3.0 / 5,3 Colors,L,Men,2025-05-04 14:24:56
Outerwear 179,$363.54,⭐ 3.5 / 5,3 Colors,XL,Women,2025-05-04 14:24:56
Jacket 180,$347.04,⭐ 3.9 / 5,3 Colors,XXL,Unisex,2025-05-04 14:24:56
Unknown Product,$100.00,⭐ Invalid Rating / 5,5 Colors,M,Men,2025-05-04 14:24:57
T-shirt 182,$145.93,⭐ 3.8 / 5,3 Colors,M,Women,2025-05-04 14:24:57
Hoodie 183,$244.04,⭐ 3.6 / 5,3 Colors,L,Unisex,2025-05-04 14:24:57
Pants 184,$484.97,⭐ 4.5 / 5,3 Colors,XL,Men,2025-05-04 14:24:57
Outerwear 185,$488.93,⭐ 3.2 / 5,3 Colors,XXL,Women,2025-05-04 14:24:57
Jacket 186,$433.78,⭐ 4.2 / 5,3 Colors,S,Unisex,2025-05-04 14:24:57
Crewneck 187,$416.47,⭐ 3.8 / 5,3 Colors,M,Men,2025-05-04 14:24:57
T-shirt 188,$245.49,⭐ 4.4 / 5,3 Colors,L,Women,2025-05-04 14:24:57
Hoodie 189,$121.67,⭐ 4.0 / 5,3 Colors,XL,Unisex,2025-05-04 14:24:57
Pants 190,$138.81,⭐ 4.5 / 5,3 Colors,XXL,Men,2025-05-04 14:24:57
Unknown Product,$100.00,⭐ Invalid Rating / 5,5 Colors,M,Men,2025-05-04 14:24:57
Jacket 192,$316.64,⭐ 3.8 / 5,3 Colors,M,Unisex,2025-05-04 14:24:57
Crewneck 193,$459.73,⭐ 4.1 / 5,3 Colors,L,Men,2025-05-04 14:24:57
T-shirt 194,$176.17,⭐ 4.9 / 5,3 Colors,XL,Women,2025-05-04 14:24:57
Hoodie 195,$450.56,⭐ 4.9 / 5,3 Colors,XXL,Unisex,2025-05-04 14:24:57
Pants 196,N/A,Not Rated,8 Colors,S,Men,2025-05-04 14:24:57
Outerwear 197,$355.10,⭐ 4.9 / 5,3 Colors,M,Women,2025-05-04 14:24:57
Jacket 198,$339.69,⭐ 4.5 / 5,3 Colors,L,Unisex,2025-05-04 14:24:57
Crewneck 199,$421.52,⭐ 3.1 / 5,3 Colors,XL,Men,2025-05-04 14:24:57
T-shirt 200,$393.12,⭐ 3.5 / 5,3 Colors,XXL,Women,2025-05-04 14:24:57
Unknown Product,$100.00,⭐ Invalid Rating / 5,5 Colors,M,Men,2025-05-04 14:24:58
Pants 202,$349.53,⭐ 3.3 / 5,3 Colors,M,Men,2025-05-04 14:24:58
Outerwear 203,$134.00,⭐ 3.4 / 5,3 Colors,L,Women,2025-05-04 14:24:58
Jacket 204,$376.94,⭐ 3.9 / 5,3 Colors,XL,Unisex,2025-05-04 14:24:58
Crewneck 205,$402.18,⭐ 3.2 / 5,3 Colors,XXL,Men,2025-05-04 14:24:58
T-shirt 206,$292.17,⭐ 4.5 / 5,3 Colors,S,Women,2025-05-04 14:24:58
Hoodie 207,$381.34,⭐ 3.5 / 5,3 Colors,M,Unisex,2025-05-04 14:24:58
Pants 208,$289.85,⭐ 3.1 / 5,3 Colors,L,Men,2025-05-04 14:24:58
Outerwear 209,$498.79,⭐ 4.3 / 5,3 Colors,XL,Women,2025-05-04 14:24:58
Jacket 210,$489.21,⭐ 4.7 / 5,3 Colors,XXL,Unisex,2025-05-04 14:24:58
Unknown Product,$100.00,⭐ Invalid Rating / 5,5 Colors,M,Men,2025-05-04 14:24:58
T-shirt 212,$549.68,⭐ 4.7 / 5,3 Colors,M,Women,2025-05-04 14:24:58
Hoodie 213,$359.25,⭐ 3.6 / 5,3 Colors,L,Unisex,2025-05-04 14:24:58
Pants 214,$269.73,⭐ 4.9 / 5,3 Colors,XL,Men,2025-05-04 14:24:58
Outerwear 215,$90.60,⭐ 3.8 / 5,3 Colors,XXL,Women,2025-05-04 14:24:58
Jacket 216,$286.03,⭐ 4.6 / 5,3 Colors,S,Unisex,2025-05-04 14:24:58
Crewneck 217,$360.81,⭐ 4.8 / 5,3 Colors,M,Men,2025-05-04 14:24:58
T-shirt 218,$350.02,⭐ 3.1 / 5,3 Colors,L,Women,2025-05-04 14:24:58
Hoodie 219,$354.44,⭐ 4.6 / 5,3 Colors,XL,Unisex,2025-05-04 14:24:58
Pants 220,$209.85,⭐ 3.2 / 5,3 Colors,XXL,Men,2025-05-04 14:24:58
Unknown Product,$100.00,⭐ Invalid Rating / 5,5 Colors,M,Men,2025-05-04 14:24:59
Jacket 222,$464.88,⭐ 3.4 / 5,3 Colors,M,Unisex,2025-05-04 14:24:59
Crewneck 223,$59.56,⭐ 4.8 / 5,3 Colors,L,Men,2025-05-04 14:24:59
T-shirt 224,$220.91,⭐ 4.5 / 5,3 Colors,XL,Women,2025-05-04 14:24:59
Hoodie 225,$327.05,⭐ 3.5 / 5,3 Colors,XXL,Unisex,2025-05-04 14:24:59
Pants 226,N/A,Not Rated,8 Colors,S,Men,2025-05-04 14:24:59
Outerwear 227,$421.41,⭐ 4.8 / 5,3 Colors,M,Women,2025-05-04 14:24:59
Jacket 228,$504.80,⭐ 4.5 / 5,3 Colors,L,Unisex,2025-05-04 14:24:59
Crewneck 229,$193.87,⭐ 4.9 / 5,3 Colors,XL,Men,2025-05-04 14:24:59
T-shirt 230,$445.83,⭐ 4.5 / 5,3 Colors,XXL,Women,2025-05-04 14:24:59
Unknown Product,$100.00,⭐ Invalid Rating / 5,5 Colors,M,Men,2025-05-04 14:24:59
Pants 232,$520.46,⭐ 4.0 / 5,3 Colors,M,Men,2025-05-04 14:24:59
Outerwear 233,$52.96,⭐ 4.8 / 5,3 Colors,L,Women,2025-05-04 14:24:59
Jacket 234,$72.45,⭐ 4.5 / 5,3 Colors,XL,Unisex,2025-05-04 14:24:59
Crewneck 235,$410.02,⭐ 3.4 / 5,3 Colors,XXL,Men,2025-05-04 14:24:59
T-shirt 236,$343.27,⭐ 3.9 / 5,3 Colors,S,Women,2025-05-04 14:24:59
Hoodie 237,$296.47,⭐ 3.1 / 5,3 Colors,M,Unisex,2025-05-04 14:24:59
Pants 238,$518.87,⭐ 3.8 / 5,3 Colors,L,Men,2025-05-04 14:24:59
Outerwear 239,$495.88,⭐ 3.1 / 5,3 Colors,XL,Women,2025-05-04 14:24:59
Jacket 240,$475.00,⭐ 3.8 / 5,3 Colors,XXL,Unisex,2025-05-04 14:24:59
Unknown Product,$100.00,⭐ Invalid Rating / 5,5 Colors,M,Men,2025-05-04 14:25:00
T-shirt 242,$302.10,⭐ 3.4 / 5,3 Colors,M,Women,2025-05-04 14:25:00
Hoodie 243,$210.73,⭐ 3.1 / 5,3 Colors,L,Unisex,2025-05-04 14:25:00
Pants 244,$507.26,⭐ 3.1 / 5,3 Colors,XL,Men,2025-05-04 14:25:00
Outerwear 245,$90.73,⭐ 4.0 / 5,3 Colors,XXL,Women,2025-05-04 14:25:00
Jacket 246,$545.94,⭐ 3.1 / 5,3 Colors,S,Unisex,2025-05-04 14:25:00
Crewneck 247,$548.07,⭐ 3.0 / 5,3 Colors,M,Men,2025-05-04 14:25:00
T-shirt 248,$142.50,⭐ 4.5 / 5,3 Colors,L,Women,2025-05-04 14:25:00
Hoodie 249,$134.34,⭐ 4.2 / 5,3 Colors,XL,Unisex,2025-05-04 14:25:00
Pants 250,$269.64,⭐ 3.1 / 5,3 Colors,XXL,Men,2025-05-04 14:25:00
Unknown Product,$100.00,⭐ Invalid Rating / 5,5 Colors,M,Men,2025-05-04 14:25:00
Jacket 252,$525.53,⭐ 3.2 / 5,3 Colors,M,Unisex,2025-05-04 14:25:00
Crewneck 253,$115.92,⭐ 3.9 / 5,3 Colors,L,Men,2025-05-04 14:25:00
T-shirt 254,$374.01,⭐ 3.9 / 5,3 Colors,XL,Women,2025-05-04 14:25:00
Hoodie 255,$229.25,⭐ 4.1 / 5,3 Colors,XXL,Unisex,2025-05-04 14:25:00
Pants 256,N/A,Not Rated,8 Colors,S,Men,2025-05-04 14:25:00
Outerwear 257,$442.07,⭐ 5.0 / 5,3 Colors,M,Women,2025-05-04 14:25:00
Jacket 258,$130.04,⭐ 4.7 / 5,3 Colors,L,Unisex,2025-05-04 14:25:00
Crewneck 259,$142.22,⭐ 3.3 / 5,3 Colors,XL,Men,2025-05-04 14:25:00
T-shirt 260,$391.97,⭐ 3.5 / 5,3 Colors,XXL,Women,2025-05-04 14:25:00
Unknown Product,$100.00,⭐ Invalid Rating / 5,5 Colors,M,Men,2025-05-04 14:25:01
Pants 262,$68.61,⭐ 3.4 / 5,3 Colors,M,Men,2025-05-04 14:25:01
Outerwear 263,$117.40,⭐ 4.2 / 5,3 Colors,L,Women,2025-05-04 14:25:01
Jacket 264,$128.94,⭐ 4.8 / 5,3 Colors,XL,Unisex,2025-05-04 14:25:01
Crewneck 265,$155.19,⭐ 3.5 / 5,3 Colors,XXL,Men,2025-05-04 14:25:01
T-shirt 266,$302.63,⭐ 4.6 / 5,3 Colors,S,Women,2025-05-04 14:25:01
Hoodie 267,$255.39,⭐ 4.3 / 5,3 Colors,M,Unisex,2025-05-04 14:25:01
Pants 268,$312.82,⭐ 3.6 / 5,3 Colors,L,Men,2025-05-04 14:25:01
Outerwear 269,$504.62,⭐ 3.1 / 5,3 Colors,XL,Women,2025-05-04 14:25:01
Jacket 270,$160.57,⭐ 4.2 / 5,3 Colors,XXL,Unisex,2025-05-04 14:25:01
Unknown Product,$100.00,⭐ Invalid Rating / 5,5 Colors,M,Men,2025-05-04 14:25:01
T-shirt 272,$363.24,⭐ 3.3 / 5,3 Colors,M,Women,2025-05-04 14:25:01
Hoodie 273,$330.71,⭐ 4.9 / 5,3 Colors,L,Unisex,2025-05-04 14:25:01
Pants 274,$229.33,⭐ 4.2 / 5,3 Colors,XL,Men,2025-05-04 14:25:01
Outerwear 275,$348.46,⭐ 4.8 / 5,3 Colors,XXL,Women,2025-05-04 14:25:01
Jacket 276,$63.35,⭐ 4.3 / 5,3 Colors,S,Unisex,2025-05-04 14:25:01
Crewneck 277,$148.98,⭐ 4.7 / 5,3 Colors,M,Men,2025-05-04 14:25:01
T-shirt 278,$130.46,⭐ 3.8 / 5,3 Colors,L,Women,2025-05-04 14:25:01
Hoodie 279,$349.52,⭐ 4.7 / 5,3 Colors,XL,Unisex,2025-05-04 14:25:01
Pants 280,$468.84,⭐ 3.9 / 5,3 Colors,XXL,Men,2025-05-04 14:25:01
Unknown Product,$100.00,⭐ Invalid Rating / 5,5 Colors,M,Men,2025-05-04 14:25:02
Jacket 282,$139.19,⭐ 3.0 / 5,3 Colors,M,Unisex,2025-05-04 14:25:02
Crewneck 283,$414.57,⭐ 3.2 / 5,3 Colors,L,Men,2025-05-04 14:25:02
T-shirt 284,$410.50,⭐ 3.6 / 5,3 Colors,XL,Women,2025-05-04 14:25:02
Hoodie 285,$188.07,⭐ 3.2 / 5,3 Colors,XXL,Unisex,2025-05-04 14:25:02
Pants 286,N/A,Not Rated,8 Colors,S,Men,2025-05-04 14:25:02
Outerwear 287,$329.60,⭐ 3.7 / 5,3 Colors,M,Women,2025-05-04 14:25:02
Jacket 288,$195.19,⭐ 4.1 / 5,3 Colors,L,Unisex,2025-05-04 14:25:02
Crewneck 289,$55.50,⭐ 4.0 / 5,3 Colors,XL,Men,2025-05-04 14:25:02
T-shirt 290,$401.57,⭐ 4.2 / 5,3 Colors,XXL,Women,2025-05-04 14:25:02
Unknown Product,$100.00,⭐ Invalid Rating / 5,5 Colors,M,Men,2025-05-04 14:25:02
Pants 292,$149.03,⭐ 3.9 / 5,3 Colors,M,Men,2025-05-04 14:25:02
Outerwear 293,$73.51,⭐ 4.5 / 5,3 Colors,L,Women,2025-05-04 14:25:02
Jacket 294,$371.70,⭐ 3.8 / 5,3 Colors,XL,Unisex,2025-05-04 14:25:02
Crewneck 295,$454.17,⭐ 4.9 / 5,3 Colors,XXL,Men,2025-05-04 14:25:02
T-shirt 296,$73.26,⭐ 3.1 / 5,3 Colors,S,Women,2025-05-04 14:25:02
Hoodie 297,$487.57,⭐ 3.6 / 5,3 Colors,M,Unisex,2025-05-04 14:25:02
Pants 298,$151.63,⭐ 4.8 / 5,3 Colors,L,Men,2025-05-04 14:25:02
Outerwear 299,$121.74,⭐ 4.3 / 5,3 Colors,XL,Women,2025-05-04 14:25:02
Jacket 300,$400.53,⭐ 4.0 / 5,3 Colors,XXL,Unisex,2025-05-04 14:25:02
Unknown Product,$100.00,⭐ Invalid Rating / 5,5 Colors,M,Men,2025-05-04 14:25:03
T-shirt 302,$356.95,⭐ 3.2 / 5,3 Colors,M,Women,2025-05-04 14:25:03
Hoodie 303,$498.41,⭐ 4.1 / 5,3 Colors,L,Unisex,2025-05-04 14:25:03
Pants 304,$445.61,⭐ 3.4 / 5,3 Colors,XL,Men,2025-05-04 14:25:03
Outerwear 305,$395.34,⭐ 4.5 / 5,3 Colors,XXL,Women,2025-05-04 14:25:03
Jacket 306,$473.44,⭐ 4.2 / 5,3 Colors,S,Unisex,2025-05-04 14:25:03
Crewneck 307,$483.45,⭐ 3.7 / 5,3 Colors,M,Men,2025-05-04 14:25:03
T-shirt 308,$255.38,⭐ 4.1 / 5,3 Colors,L,Women,2025-05-04 14:25:03
Hoodie 309,$247.07,⭐ 4.8 / 5,3 Colors,XL,Unisex,2025-05-04 14:25:03
Pants 310,$395.58,⭐ 4.7 / 5,3 Colors,XXL,Men,2025-05-04 14:25:03
Unknown Product,$100.00,⭐ Invalid Rating / 5,5 Colors,M,Men,2025-05-04 14:25:03
Jacket 312,$454.19,⭐ 3.8 / 5,3 Colors,M,Unisex,2025-05-04 14:25:03
Crewneck 313,$121.77,⭐ 3.1 / 5,3 Colors,L,Men,2025-05-04 14:25:03
T-shirt 314,$376.07,⭐ 3.2 / 5,3 Colors,XL,Women,2025-05-04 14:25:03
Hoodie 315,$438.93,⭐ 3.1 / 5,3 Colors,XXL,Unisex,2025-05-04 14:25:03
Pants 316,N/A,Not Rated,8 Colors,S,Men,2025-05-04 14:25:03
Outerwear 317,$328.69,⭐ 3.3 / 5,3 Colors,M,Women,2025-05-04 14:25:03
Jacket 318,$354.20,⭐ 3.7 / 5,3 Colors,L,Unisex,2025-05-04 14:25:03
Crewneck 319,$192.87,⭐ 3.3 / 5,3 Colors,XL,Men,2025-05-04 14:25:03
T-shirt 320,$51.84,⭐ 3.3 / 5,3 Colors,XXL,Women,2025-05-04 14:25:03
Unknown Product,$100.00,⭐ Invalid Rating / 5,5 Colors,M,Men,2025-05-04 14:25:04
Pants 322,$488.15,⭐ 3.2 / 5,3 Colors,M,Men,2025-05-04 14:25:04
Outerwear 323,$529.25,⭐ 3.1 / 5,3 Colors,L,Women,2025-05-04 14:25:04
Jacket 324,$380.17,⭐ 3.3 / 5,3 Colors,XL,Unisex,2025-05-04 14:25:04
Crewneck 325,$187.61,⭐ 3.4 / 5,3 Colors,XXL,Men,2025-05-04 14:25:04
T-shirt 326,$282.46,⭐ 4.9 / 5,3 Colors,S,Women,2025-05-04 14:25:04
Hoodie 327,$415.09,⭐ 4.4 / 5,3 Colors,M,Unisex,2025-05-04 14:25:04
Pants 328,$358.31,⭐ 4.5 / 5,3 Colors,L,Men,2025-05-04 14:25:04
Outerwear 329,$420.26,⭐ 4.7 / 5,3 Colors,XL,Women,2025-05-04 14:25:04
Jacket 330,$99.45,⭐ 4.3 / 5,3 Colors,XXL,Unisex,2025-05-04 14:25:04
Unknown Product,$100.00,⭐ Invalid Rating / 5,5 Colors,M,Men,2025-05-04 14:25:04
T-shirt 332,$145.98,⭐ 3.4 / 5,3 Colors,M,Women,2025-05-04 14:25:04
Hoodie 333,$109.13,⭐ 4.8 / 5,3 Colors,L,Unisex,2025-05-04 14:25:04
Pants 334,$150.59,⭐ 3.8 / 5,3 Colors,XL,Men,2025-05-04 14:25:04
Outerwear 335,$176.67,⭐ 3.0 / 5,3 Colors,XXL,Women,2025-05-04 14:25:04
Jacket 336,$389.86,⭐ 5.0 / 5,3 Colors,S,Unisex,2025-05-04 14:25:04
Crewneck 337,$538.05,⭐ 4.3 / 5,3 Colors,M,Men,2025-05-04 14:25:04
T-shirt 338,$180.21,⭐ 3.9 / 5,3 Colors,L,Women,2025-05-04 14:25:04
Hoodie 339,$276.55,⭐ 4.9 / 5,3 Colors,XL,Unisex,2025-05-04 14:25:04
Pants 340,$373.45,⭐ 4.3 / 5,3 Colors,XXL,Men,2025-05-04 14:25:04
Unknown Product,$100.00,⭐ Invalid Rating / 5,5 Colors,M,Men,2025-05-04 14:25:06
Jacket 342,$114.23,⭐ 4.8 / 5,3 Colors,M,Unisex,2025-05-04 14:25:06
Crewneck 343,$142.44,⭐ 4.1 / 5,3 Colors,L,Men,2025-05-04 14:25:06
T-shirt 344,$213.48,⭐ 4.5 / 5,3 Colors,XL,Women,2025-05-04 14:25:06
Hoodie 345,$473.59,⭐ 3.3 / 5,3 Colors,XXL,Unisex,2025-05-04 14:25:06
Pants 346,N/A,Not Rated,8 Colors,S,Men,2025-05-04 14:25:06
Outerwear 347,$436.63,⭐ 4.7 / 5,3 Colors,M,Women,2025-05-04 14:25:06
Jacket 348,$199.69,⭐ 4.6 / 5,3 Colors,L,Unisex,2025-05-04 14:25:06
Crewneck 349,$380.35,⭐ 3.5 / 5,3 Colors,XL,Men,2025-05-04 14:25:06
T-shirt 350,$502.98,⭐ 5.0 / 5,3 Colors,XXL,Women,2025-05-04 14:25:06
Unknown Product,$100.00,⭐ Invalid Rating / 5,5 Colors,M,Men,2025-05-04 14:25:06
Pants 352,$177.43,⭐ 4.0 / 5,3 Colors,M,Men,2025-05-04 14:25:06
Outerwear 353,$60.10,⭐ 3.6 / 5,3 Colors,L,Women,2025-05-04 14:25:06
Jacket 354,$143.42,⭐ 3.8 / 5,3 Colors,XL,Unisex,2025-05-04 14:25:06
Crewneck 355,$265.41,⭐ 3.2 / 5,3 Colors,XXL,Men,2025-05-04 14:25:06
T-shirt 356,$446.88,⭐ 4.3 / 5,3 Colors,S,Women,2025-05-04 14:25:06
Hoodie 357,$233.71,⭐ 3.6 / 5,3 Colors,M,Unisex,2025-05-04 14:25:06
Pants 358,$529.97,⭐ 3.9 / 5,3 Colors,L,Men,2025-05-04 14:25:06
Outerwear 359,$106.03,⭐ 4.3 / 5,3 Colors,XL,Women,2025-05-04 14:25:06
Jacket 360,$549.27,⭐ 4.8 / 5,3 Colors,XXL,Unisex,2025-05-04 14:25:06
Unknown Product,$100.00,⭐ Invalid Rating / 5,5 Colors,M,Men,2025-05-04 14:25:07
T-shirt 362,$298.55,⭐ 5.0 / 5,3 Colors,M,Women,2025-05-04 14:25:07
Hoodie 363,$73.21,⭐ 3.2 / 5,3 Colors,L,Unisex,2025-05-04 14:25:07
Pants 364,$310.80,⭐ 4.8 / 5,3 Colors,XL,Men,2025-05-04 14:25:07
Outerwear 365,$434.78,⭐ 4.5 / 5,3 Colors,XXL,Women,2025-05-04 14:25:07
Jacket 366,$365.93,⭐ 4.9 / 5,3 Colors,S,Unisex,2025-05-04 14:25:07
Crewneck 367,$522.46,⭐ 4.9 / 5,3 Colors,M,Men,2025-05-04 14:25:07
T-shirt 368,$60.32,⭐ 3.2 / 5,3 Colors,L,Women,2025-05-04 14:25:07
Hoodie 369,$450.31,⭐ 4.7 / 5,3 Colors,XL,Unisex,2025-05-04 14:25:07
Pants 370,$284.98,⭐ 3.6 / 5,3 Colors,XXL,Men,2025-05-04 14:25:07
Unknown Product,$100.00,⭐ Invalid Rating / 5,5 Colors,M,Men,2025-05-04 14:25:07
Jacket 372,$315.81,⭐ 3.6 / 5,3 Colors,M,Unisex,2025-05-04 14:25:07
Crewneck 373,$139.44,⭐ 3.6 / 5,3 Colors,L,Men,2025-05-04 14:25:07
T-shirt 374,$481.07,⭐ 3.9 / 5,3 Colors,XL,Women,2025-05-04 14:25:07
Hoodie 375,$439.22,⭐ 3.9 / 5,3 Colors,XXL,Unisex,2025-05-04 14:25:07
Pants 376,N/A,Not Rated,8 Colors,S,Men,2025-05-04 14:25:07
Outerwear 377,$425.13,⭐ 4.8 / 5,3 Colors,M,Women,2025-05-04 14:25:07
Jacket 378,$212.65,⭐ 3.6 / 5,3 Colors,L,Unisex,2025-05-04 14:25:07
Crewneck 379,$247.70,⭐ 4.4 / 5,3 Colors,XL,Men,2025-05-04 14:25:07
T-shirt 380,$159.19,⭐ 3.8 / 5,3 Colors,XXL,Women,2025-05-04 14:25:07
Unknown Product,$100.00,⭐ Invalid Rating / 5,5 Colors,M,Men,2025-05-04 14:25:08
Pants 382,$84.76,⭐ 4.4 / 5,3 Colors,M,Men,2025-05-04 14:25:08
Outerwear 383,$214.44,⭐ 3.4 / 5,3 Colors,L,Women,2025-05-04 14:25:08
Jacket 384,$90.81,⭐ 3.3 / 5,3 Colors,XL,Unisex,2025-05-04 14:25:08
Crewneck 385,$496.92,⭐ 4.9 / 5,3 Colors,XXL,Men,2025-05-04 14:25:08
T-shirt 386,$299.60,⭐ 4.6 / 5,3 Colors,S,Women,2025-05-04 14:25:08
Hoodie 387,$526.13,⭐ 4.2 / 5,3 Colors,M,Unisex,2025-05-04 14:25:08
Pants 388,$58.20,⭐ 3.1 / 5,3 Colors,L,Men,2025-05-04 14:25:08
Outerwear 389,$180.20,⭐ 5.0 / 5,3 Colors,XL,Women,2025-05-04 14:25:08
Jacket 390,$339.56,⭐ 3.3 / 5,3 Colors,XXL,Unisex,2025-05-04 14:25:08
Unknown Product,$100.00,⭐ Invalid Rating / 5,5 Colors,M,Men,2025-05-04 14:25:08
T-shirt 392,$76.63,⭐ 4.4 / 5,3 Colors,M,Women,2025-05-04 14:25:08
Hoodie 393,$254.28,⭐ 3.2 / 5,3 Colors,L,Unisex,2025-05-04 14:25:08
Pants 394,$221.25,⭐ 3.3 / 5,3 Colors,XL,Men,2025-05-04 14:25:08
Outerwear 395,$193.67,⭐ 4.0 / 5,3 Colors,XXL,Women,2025-05-04 14:25:08
Jacket 396,$156.58,⭐ 3.9 / 5,3 Colors,S,Unisex,2025-05-04 14:25:08
Crewneck 397,$53.46,⭐ 3.6 / 5,3 Colors,M,Men,2025-05-04 14:25:08
T-shirt 398,$287.05,⭐ 4.7 / 5,3 Colors,L,Women,2025-05-04 14:25:08
Hoodie 399,$157.72,⭐ 3.6 / 5,3 Colors,XL,Unisex,2025-05-04 14:25:08
Pants 400,$376.29,⭐ 4.7 / 5,3 Colors,XXL,Men,2025-05-04 14:25:08
Unknown Product,$100.00,⭐ Invalid Rating / 5,5 Colors,M,Men,2025-05-04 14:25:09
Jacket 402,$126.82,⭐ 4.6 / 5,3 Colors,M,Unisex,2025-05-04 14:25:09
Crewneck 403,$98.77,⭐ 4.1 / 5,3 Colors,L,Men,2025-05-04 14:25:09
T-shirt 404,$218.82,⭐ 4.9 / 5,3 Colors,XL,Women,2025-05-04 14:25:09
Hoodie 405,$317.51,⭐ 3.8 / 5,3 Colors,XXL,Unisex,2025-05-04 14:25:09
Pants 406,N/A,Not Rated,8 Colors,S,Men,2025-05-04 14:25:09
Outerwear 407,$172.58,⭐ 3.7 / 5,3 Colors,M,Women,2025-05-04 14:25:09
Jacket 408,$261.00,⭐ 4.9 / 5,3 Colors,L,Unisex,2025-05-04 14:25:09
Crewneck 409,$201.36,⭐ 3.5 / 5,3 Colors,XL,Men,2025-05-04 14:25:09
T-shirt 410,$99.17,⭐ 3.1 / 5,3 Colors,XXL,Women,2025-05-04 14:25:09
Unknown Product,$100.00,⭐ Invalid Rating / 5,5 Colors,M,Men,2025-05-04 14:25:09
Pants 412,$339.89,⭐ 4.4 / 5,3 Colors,M,Men,2025-05-04 14:25:09
Outerwear 413,$81.65,⭐ 3.4 / 5,3 Colors,L,Women,2025-05-04 14:25:09
Jacket 414,$139.67,⭐ 3.7 / 5,3 Colors,XL,Unisex,2025-05-04 14:25:09
Crewneck 415,$226.09,⭐ 3.1 / 5,3 Colors,XXL,Men,2025-05-04 14:25:09
T-shirt 416,$278.38,⭐ 3.1 / 5,3 Colors,S,Women,2025-05-04 14:25:09
Hoodie 417,$173.09,⭐ 4.6 / 5,3 Colors,M,Unisex,2025-05-04 14:25:09
Pants 418,$394.24,⭐ 5.0 / 5,3 Colors,L,Men,2025-05-04 14:25:09
Outerwear 419,$437.75,⭐ 5.0 / 5,3 Colors,XL,Women,2025-05-04 14:25:09
Jacket 420,$154.54,⭐ 3.1 / 5,3 Colors,XXL,Unisex,2025-05-04 14:25:09
Unknown Product,$100.00,⭐ Invalid Rating / 5,5 Colors,M,Men,2025-05-04 14:25:10
T-shirt 422,$57.77,⭐ 3.9 / 5,3 Colors,M,Women,2025-05-04 14:25:10
Hoodie 423,$287.61,⭐ 3.7 / 5,3 Colors,L,Unisex,2025-05-04 14:25:10
Pants 424,$241.61,⭐ 4.4 / 5,3 Colors,XL,Men,2025-05-04 14:25:10
Outerwear 425,$158.03,⭐ 4.8 / 5,3 Colors,XXL,Women,2025-05-04 14:25:10
Jacket 426,$216.40,⭐ 3.4 / 5,3 Colors,S,Unisex,2025-05-04 14:25:10
Crewneck 427,$398.45,⭐ 3.3 / 5,3 Colors,M,Men,2025-05-04 14:25:10
T-shirt 428,$440.82,⭐ 4.9 / 5,3 Colors,L,Women,2025-05-04 14:25:10
Hoodie 429,$103.66,⭐ 4.9 / 5,3 Colors,XL,Unisex,2025-05-04 14:25:10
Pants 430,$90.13,⭐ 3.9 / 5,3 Colors,XXL,Men,2025-05-04 14:25:10
Unknown Product,$100.00,⭐ Invalid Rating / 5,5 Colors,M,Men,2025-05-04 14:25:10
Jacket 432,$134.49,⭐ 4.5 / 5,3 Colors,M,Unisex,2025-05-04 14:25:10
Crewneck 433,$242.03,⭐ 4.2 / 5,3 Colors,L,Men,2025-05-04 14:25:10
T-shirt 434,$409.82,⭐ 4.9 / 5,3 Colors,XL,Women,2025-05-04 14:25:10
Hoodie 435,$63.48,⭐ 4.0 / 5,3 Colors,XXL,Unisex,2025-05-04 14:25:10
Pants 436,N/A,Not Rated,8 Colors,S,Men,2025-05-04 14:25:10
Outerwear 437,$63.55,⭐ 3.9 / 5,3 Colors,M,Women,2025-05-04 14:25:10
Jacket 438,$153.32,⭐ 4.5 / 5,3 Colors,L,Unisex,2025-05-04 14:25:10
Crewneck 439,$250.34,⭐ 3.2 / 5,3 Colors,XL,Men,2025-05-04 14:25:10
T-shirt 440,$332.88,⭐ 3.0 / 5,3 Colors,XXL,Women,2025-05-04 14:25:10
Unknown Product,$100.00,⭐ Invalid Rating / 5,5 Colors,M,Men,2025-05-04 14:25:11
Pants 442,$293.85,⭐ 4.3 / 5,3 Colors,M,Men,2025-05-04 14:25:11
Outerwear 443,$453.92,⭐ 4.2 / 5,3 Colors,L,Women,2025-05-04 14:25:11
Jacket 444,$251.06,⭐ 3.3 / 5,3 Colors,XL,Unisex,2025-05-04 14:25:11
Crewneck 445,$223.39,⭐ 4.5 / 5,3 Colors,XXL,Men,2025-05-04 14:25:11
T-shirt 446,$483.76,⭐ 3.2 / 5,3 Colors,S,Women,2025-05-04 14:25:11
Hoodie 447,$296.79,⭐ 4.0 / 5,3 Colors,M,Unisex,2025-05-04 14:25:11
Pants 448,$51.26,⭐ 4.4 / 5,3 Colors,L,Men,2025-05-04 14:25:11
Outerwear 449,$400.63,⭐ 4.0 / 5,3 Colors,XL,Women,2025-05-04 14:25:11
Jacket 450,$547.18,⭐ 3.1 / 5,3 Colors,XXL,Unisex,2025-05-04 14:25:11
Unknown Product,$100.00,⭐ Invalid Rating / 5,5 Colors,M,Men,2025-05-04 14:25:11
T-shirt 452,$430.80,⭐ 4.4 / 5,3 Colors,M,Women,2025-05-04 14:25:11
Hoodie 453,$411.06,⭐ 4.2 / 5,3 Colors,L,Unisex,2025-05-04 14:25:11
Pants 454,$136.22,⭐ 5.0 / 5,3 Colors,XL,Men,2025-05-04 14:25:11
Outerwear 455,$68.38,⭐ 4.8 / 5,3 Colors,XXL,Women,2025-05-04 14:25:11
Jacket 456,$506.00,⭐ 4.1 / 5,3 Colors,S,Unisex,2025-05-04 14:25:11
Crewneck 457,$458.93,⭐ 4.8 / 5,3 Colors,M,Men,2025-05-04 14:25:11
T-shirt 458,$265.00,⭐ 4.4 / 5,3 Colors,L,Women,2025-05-04 14:25:11
Hoodie 459,$202.33,⭐ 3.5 / 5,3 Colors,XL,Unisex,2025-05-04 14:25:11
Pants 460,$117.55,⭐ 3.6 / 5,3 Colors,XXL,Men,2025-05-04 14:25:11
Unknown Product,$100.00,⭐ Invalid Rating / 5,5 Colors,M,Men,2025-05-04 14:25:12
Jacket 462,$422.99,⭐ 4.5 / 5,3 Colors,M,Unisex,2025-05-04 14:25:12
Crewneck 463,$471.22,⭐ 4.5 / 5,3 Colors,L,Men,2025-05-04 14:25:12
T-shirt 464,$379.38,⭐ 4.5 / 5,3 Colors,XL,Women,2025-05-04 14:25:12
Hoodie 465,$385.27,⭐ 4.7 / 5,3 Colors,XXL,Unisex,2025-05-04 14:25:12
Pants 466,N/A,Not Rated,8 Colors,S,Men,2025-05-04 14:25:12
Outerwear 467,$82.87,⭐ 3.5 / 5,3 Colors,M,Women,2025-05-04 14:25:12
Jacket 468,$286.56,⭐ 3.7 / 5,3 Colors,L,Unisex,2025-05-04 14:25:12
Crewneck 469,$108.68,⭐ 4.2 / 5,3 Colors,XL,Men,2025-05-04 14:25:12
T-shirt 470,$483.68,⭐ 3.1 / 5,3 Colors,XXL,Women,2025-05-04 14:25:12
Unknown Product,$100.00,⭐ Invalid Rating / 5,5 Colors,M,Men,2025-05-04 14:25:12
Pants 472,$243.88,⭐ 3.1 / 5,3 Colors,M,Men,2025-05-04 14:25:12
Outerwear 473,$342.38,⭐ 4.2 / 5,3 Colors,L,Women,2025-05-04 14:25:12
Jacket 474,$366.56,⭐ 4.7 / 5,3 Colors,XL,Unisex,2025-05-04 14:25:12
Crewneck 475,$438.58,⭐ 4.6 / 5,3 Colors,XXL,Men,2025-05-04 14:25:12
T-shirt 476,$249.14,⭐ 4.3 / 5,3 Colors,S,Women,2025-05-04 14:25:12
Hoodie 477,$414.13,⭐ 4.2 / 5,3 Colors,M,Unisex,2025-05-04 14:25:12
Pants 478,$307.00,⭐ 3.8 / 5,3 Colors,L,Men,2025-05-04 14:25:12
Outerwear 479,$456.40,⭐ 4.4 / 5,3 Colors,XL,Women,2025-05-04 14:25:12
Jacket 480,$311.64,⭐ 4.2 / 5,3 Colors,XXL,Unisex,2025-05-04 14:25:12
Unknown Product,$100.00,⭐ Invalid Rating / 5,5 Colors,M,Men,2025-05-04 14:25:13
T-shirt 482,$209.53,⭐ 4.8 / 5,3 Colors,M,Women,2025-05-04 14:25:13
Hoodie 483,$252.19,⭐ 4.2 / 5,3 Colors,L,Unisex,2025-05-04 14:25:13
Pants 484,$401.79,⭐ 4.1 / 5,3 Colors,XL,Men,2025-05-04 14:25:13
Outerwear 485,$252.78,⭐ 4.7 / 5,3 Colors,XXL,Women,2025-05-04 14:25:13
Jacket 486,$160.86,⭐ 3.0 / 5,3 Colors,S,Unisex,2025-05-04 14:25:13
Crewneck 487,$434.72,⭐ 3.7 / 5,3 Colors,M,Men,2025-05-04 14:25:13
T-shirt 488,$549.36,⭐ 3.8 / 5,3 Colors,L,Women,2025-05-04 14:25:13
Hoodie 489,$222.16,⭐ 5.0 / 5,3 Colors,XL,Unisex,2025-05-04 14:25:13
Pants 490,$442.60,⭐ 3.1 / 5,3 Colors,XXL,Men,2025-05-04 14:25:13
Unknown Product,$100.00,⭐ Invalid Rating / 5,5 Colors,M,Men,2025-05-04 14:25:13
Jacket 492,$375.74,⭐ 3.0 / 5,3 Colors,M,Unisex,2025-05-04 14:25:13
Crewneck 493,$316.97,⭐ 4.8 / 5,3 Colors,L,Men,2025-05-04 14:25:13
T-shirt 494,$86.88,⭐ 3.4 / 5,3 Colors,XL,Women,2025-05-04 14:25:13
Hoodie 495,$103.95,⭐ 4.5 / 5,3 Colors,XXL,Unisex,2025-05-04 14:25:13
Pants 496,N/A,Not Rated,8 Colors,S,Men,2025-05-04 14:25:13
Outerwear 497,$247.36,⭐ 4.4 / 5,3 Colors,M,Women,2025-05-04 14:25:13
Jacket 498,$275.80,⭐ 4.6 / 5,3 Colors,L,Unisex,2025-05-04 14:25:13
Crewneck 499,$489.12,⭐ 4.1 / 5,3 Colors,XL,Men,2025-05-04 14:25:13
T-shirt 500,$507.15,⭐ 4.2 / 5,3 Colors,XXL,Women,2025-05-04 14:25:13
Unknown Product,$100.00,⭐ Invalid Rating / 5,5 Colors,M,Men,2025-05-04 14:25:14
Pants 502,$445.78,⭐ 4.4 / 5,3 Colors,M,Men,2025-05-04 14:25:14
Outerwear 503,$307.78,⭐ 4.8 / 5,3 Colors,L,Women,2025-05-04 14:25:14
Jacket 504,$501.53,⭐ 5.0 / 5,3 Colors,XL,Unisex,2025-05-04 14:25:14
Crewneck 505,$546.73,⭐ 4.3 / 5,3 Colors,XXL,Men,2025-05-04 14:25:14
T-shirt 506,$535.75,⭐ 3.6 / 5,3 Colors,S,Women,2025-05-04 14:25:14
Hoodie 507,$427.75,⭐ 4.7 / 5,3 Colors,M,Unisex,2025-05-04 14:25:14
Pants 508,$485.38,⭐ 3.5 / 5,3 Colors,L,Men,2025-05-04 14:25:14
Outerwear 509,$448.65,⭐ 3.1 / 5,3 Colors,XL,Women,2025-05-04 14:25:14
Jacket 510,$97.63,⭐ 3.4 / 5,3 Colors,XXL,Unisex,2025-05-04 14:25:14
Unknown Product,$100.00,⭐ Invalid Rating / 5,5 Colors,M,Men,2025-05-04 14:25:14
T-shirt 512,$269.98,⭐ 3.7 / 5,3 Colors,M,Women,2025-05-04 14:25:14
Hoodie 513,$105.86,⭐ 4.4 / 5,3 Colors,L,Unisex,2025-05-04 14:25:14
Pants 514,$430.56,⭐ 3.9 / 5,3 Colors,XL,Men,2025-05-04 14:25:14
Outerwear 515,$453.91,⭐ 3.1 / 5,3 Colors,XXL,Women,2025-05-04 14:25:14
Jacket 516,$445.67,⭐ 3.4 / 5,3 Colors,S,Unisex,2025-05-04 14:25:14
Crewneck 517,$66.83,⭐ 3.5 / 5,3 Colors,M,Men,2025-05-04 14:25:14
T-shirt 518,$160.98,⭐ 4.1 / 5,3 Colors,L,Women,2025-05-04 14:25:14
Hoodie 519,$139.76,⭐ 4.5 / 5,3 Colors,XL,Unisex,2025-05-04 14:25:14
Pants 520,$144.27,⭐ 3.8 / 5,3 Colors,XXL,Men,2025-05-04 14:25:14
Unknown Product,$100.00,⭐ Invalid Rating / 5,5 Colors,M,Men,2025-05-04 14:25:16
Jacket 522,$393.31,⭐ 4.0 / 5,3 Colors,M,Unisex,2025-05-04 14:25:16
Crewneck 523,$226.67,⭐ 4.6 / 5,3 Colors,L,Men,2025-05-04 14:25:16
T-shirt 524,$58.50,⭐ 3.8 / 5,3 Colors,XL,Women,2025-05-04 14:25:16
Hoodie 525,$494.94,⭐ 3.6 / 5,3 Colors,XXL,Unisex,2025-05-04 14:25:16
Pants 526,N/A,Not Rated,8 Colors,S,Men,2025-05-04 14:25:16
Outerwear 527,$291.83,⭐ 3.6 / 5,3 Colors,M,Women,2025-05-04 14:25:16
Jacket 528,$349.74,⭐ 4.0 / 5,3 Colors,L,Unisex,2025-05-04 14:25:16
Crewneck 529,$88.76,⭐ 3.2 / 5,3 Colors,XL,Men,2025-05-04 14:25:16
T-shirt 530,$385.86,⭐ 3.3 / 5,3 Colors,XXL,Women,2025-05-04 14:25:16
Unknown Product,$100.00,⭐ Invalid Rating / 5,5 Colors,M,Men,2025-05-04 14:25:16
Pants 532,$524.45,⭐ 4.1 / 5,3 Colors,M,Men,2025-05-04 14:25:16
Outerwear 533,$210.64,⭐ 4.2 / 5,3 Colors,L,Women,2025-05-04 14:25:16
Jacket 534,$217.45,⭐ 3.7 / 5,3 Colors,XL,Unisex,2025-05-04 14:25:16
Crewneck 535,$243.83,⭐ 3.7 / 5,3 Colors,XXL,Men,2025-05-04 14:25:16
T-shirt 536,$318.28,⭐ 3.0 / 5,3 Colors,S,Women,2025-05-04 14:25:16
Hoodie 537,$541.99,⭐ 3.1 / 5,3 Colors,M,Unisex,2025-05-04 14:25:16
Pants 538,$383.39,⭐ 3.4 / 5,3 Colors,L,Men,2025-05-04 14:25:16
Outerwear 539,$293.29,⭐ 4.7 / 5,3 Colors,XL,Women,2025-05-04 14:25:16
Jacket 540,$440.74,⭐ 4.4 / 5,3 Colors,XXL,Unisex,2025-05-04 14:25:16
Unknown Product,$100.00,⭐ Invalid Rating / 5,5 Colors,M,Men,2025-05-04 14:25:17
T-shirt 542,$297.59,⭐ 3.5 / 5,3 Colors,M,Women,2025-05-04 14:25:17
Hoodie 543,$544.73,⭐ 4.7 / 5,3 Colors,L,Unisex,2025-05-04 14:25:17
Pants 544,$372.36,⭐ 3.1 / 5,3 Colors,XL,Men,2025-05-04 14:25:17
Outerwear 545,$223.71,⭐ 4.0 / 5,3 Colors,XXL,Women,2025-05-04 14:25:17
Jacket 546,$391.97,⭐ 3.3 / 5,3 Colors,S,Unisex,2025-05-04 14:25:17
Crewneck 547,$335.07,⭐ 3.9 / 5,3 Colors,M,Men,2025-05-04 14:25:17
T-shirt 548,$167.89,⭐ 4.6 / 5,3 Colors,L,Women,2025-05-04 14:25:17
Hoodie 549,$167.95,⭐ 3.7 / 5,3 Colors,XL,Unisex,2025-05-04 14:25:17
Pants 550,$278.13,⭐ 4.9 / 5,3 Colors,XXL,Men,2025-05-04 14:25:17
Unknown Product,$100.00,⭐ Invalid Rating / 5,5 Colors,M,Men,2025-05-04 14:25:17
Jacket 552,$336.27,⭐ 4.1 / 5,3 Colors,M,Unisex,2025-05-04 14:25:17
Crewneck 553,$485.05,⭐ 3.8 / 5,3 Colors,L,Men,2025-05-04 14:25:17
T-shirt 554,$250.07,⭐ 4.5 / 5,3 Colors,XL,Women,2025-05-04 14:25:17
Hoodie 555,$113.10,⭐ 3.0 / 5,3 Colors,XXL,Unisex,2025-05-04 14:25:17
Pants 556,N/A,Not Rated,8 Colors,S,Men,2025-05-04 14:25:17
Outerwear 557,$341.28,⭐ 3.4 / 5,3 Colors,M,Women,2025-05-04 14:25:17
Jacket 558,$312.94,⭐ 4.0 / 5,3 Colors,L,Unisex,2025-05-04 14:25:17
Crewneck 559,$99.43,⭐ 3.5 / 5,3 Colors,XL,Men,2025-05-04 14:25:17
T-shirt 560,$430.33,⭐ 4.2 / 5,3 Colors,XXL,Women,2025-05-04 14:25:17
Unknown Product,$100.00,⭐ Invalid Rating / 5,5 Colors,M,Men,2025-05-04 14:25:18
Pants 562,$232.76,⭐ 4.5 / 5,3 Colors,M,Men,2025-05-04 14:25:18
Outerwear 563,$512.34,⭐ 4.7 / 5,3 Colors,L,Women,2025-05-04 14:25:18
Jacket 564,$519.95,⭐ 4.3 / 5,3 Colors,XL,Unisex,2025-05-04 14:25:18
Crewneck 565,$477.20,⭐ 3.5 / 5,3 Colors,XXL,Men,2025-05-04 14:25:18
T-shirt 566,$163.21,⭐ 4.6 / 5,3 Colors,S,Women,2025-05-04 14:25:18
Hoodie 567,$286.01,⭐ 3.2 / 5,3 Colors,M,Unisex,2025-05-04 14:25:18
Pants 568,$186.51,⭐ 3.3 / 5,3 Colors,L,Men,2025-05-04 14:25:18
Outerwear 569,$310.43,⭐ 4.7 / 5,3 Colors,XL,Women,2025-05-04 14:25:18
Jacket 570,$250.06,⭐ 3.9 / 5,3 Colors,XXL,Unisex,2025-05-04 14:25:18
Unknown Product,$100.00,⭐ Invalid Rating / 5,5 Colors,M,Men,2025-05-04 14:25:18
T-shirt 572,$297.27,⭐ 3.2 / 5,3 Colors,M,Women,2025-05-04 14:25:18
Hoodie 573,$434.63,⭐ 4.5 / 5,3 Colors,L,Unisex,2025-05-04 14:25:18
Pants 574,$151.50,⭐ 3.8 / 5,3 Colors,XL,Men,2025-05-04 14:25:18
Outerwear 575,$219.86,⭐ 3.4 / 5,3 Colors,XXL,Women,2025-05-04 14:25:18
Jacket 576,$50.35,⭐ 3.5 / 5,3 Colors,S,Unisex,2025-05-04 14:25:18
Crewneck 577,$492.12,⭐ 3.3 / 5,3 Colors,M,Men,2025-05-04 14:25:18
T-shirt 578,$497.43,⭐ 4.1 / 5,3 Colors,L,Women,2025-05-04 14:25:18
Hoodie 579,$276.79,⭐ 4.4 / 5,3 Colors,XL,Unisex,2025-05-04 14:25:18
Pants 580,$164.09,⭐ 3.3 / 5,3 Colors,XXL,Men,2025-05-04 14:25:18
Unknown Product,$100.00,⭐ Invalid Rating / 5,5 Colors,M,Men,2025-05-04 14:25:19
Jacket 582,$257.01,⭐ 4.1 / 5,3 Colors,M,Unisex,2025-05-04 14:25:19
Crewneck 583,$358.61,⭐ 4.5 / 5,3 Colors,L,Men,2025-05-04 14:25:19
T-shirt 584,$435.31,⭐ 4.8 / 5,3 Colors,XL,Women,2025-05-04 14:25:19
Hoodie 585,$386.68,⭐ 4.9 / 5,3 Colors,XXL,Unisex,2025-05-04 14:25:19
Pants 586,N/A,Not Rated,8 Colors,S,Men,2025-05-04 14:25:19
Outerwear 587,$276.56,⭐ 4.4 / 5,3 Colors,M,Women,2025-05-04 14:25:19
Jacket 588,$310.19,⭐ 4.7 / 5,3 Colors,L,Unisex,2025-05-04 14:25:19
Crewneck 589,$58.24,⭐ 4.7 / 5,3 Colors,XL,Men,2025-05-04 14:25:19
T-shirt 590,$403.57,⭐ 3.9 / 5,3 Colors,XXL,Women,2025-05-04 14:25:19
Unknown Product,$100.00,⭐ Invalid Rating / 5,5 Colors,M,Men,2025-05-04 14:25:19
Pants 592,$425.34,⭐ 4.3 / 5,3 Colors,M,Men,2025-05-04 14:25:19
Outerwear 593,$447.74,⭐ 3.9 / 5,3 Colors,L,Women,2025-05-04 14:25:19
Jacket 594,$544.23,⭐ 4.2 / 5,3 Colors,XL,Unisex,2025-05-04 14:25:19
Crewneck 595,$232.74,⭐ 3.5 / 5,3 Colors,XXL,Men,2025-05-04 14:25:19
T-shirt 596,$518.15,⭐ 4.4 / 5,3 Colors,S,Women,2025-05-04 14:25:19
Hoodie 597,$498.09,⭐ 3.3 / 5,3 Colors,M,Unisex,2025-05-04 14:25:19
Pants 598,$294.63,⭐ 4.1 / 5,3 Colors,L,Men,2025-05-04 14:25:19
Outerwear 599,$73.69,⭐ 3.3 / 5,3 Colors,XL,Women,2025-05-04 14:25:19
Jacket 600,$400.88,⭐ 3.0 / 5,3 Colors,XXL,Unisex,2025-05-04 14:25:19
Unknown Product,$100.00,⭐ Invalid Rating / 5,5 Colors,M,Men,2025-05-04 14:25:20
T-shirt 602,$141.31,⭐ 4.4 / 5,3 Colors,M,Women,2025-05-04 14:25:20
Hoodie 603,$469.47,⭐ 3.1 / 5,3 Colors,L,Unisex,2025-05-04 14:25:20
Pants 604,$478.89,⭐ 4.3 / 5,3 Colors,XL,Men,2025-05-04 14:25:20
Outerwear 605,$106.92,⭐ 3.7 / 5,3 Colors,XXL,Women,2025-05-04 14:25:20
Jacket 606,$360.67,⭐ 4.6 / 5,3 Colors,S,Unisex,2025-05-04 14:25:20
Crewneck 607,$241.10,⭐ 3.1 / 5,3 Colors,M,Men,2025-05-04 14:25:20
T-shirt 608,$440.49,⭐ 4.6 / 5,3 Colors,L,Women,2025-05-04 14:25:20
Hoodie 609,$184.77,⭐ 4.1 / 5,3 Colors,XL,Unisex,2025-05-04 14:25:20
Pants 610,$282.21,⭐ 3.3 / 5,3 Colors,XXL,Men,2025-05-04 14:25:20
Unknown Product,$100.00,⭐ Invalid Rating / 5,5 Colors,M,Men,2025-05-04 14:25:20
Jacket 612,$200.17,⭐ 3.1 / 5,3 Colors,M,Unisex,2025-05-04 14:25:20
Crewneck 613,$63.37,⭐ 3.6 / 5,3 Colors,L,Men,2025-05-04 14:25:20
T-shirt 614,$151.76,⭐ 3.1 / 5,3 Colors,XL,Women,2025-05-04 14:25:20
Hoodie 615,$299.92,⭐ 4.8 / 5,3 Colors,XXL,Unisex,2025-05-04 14:25:20
Pants 616,N/A,Not Rated,8 Colors,S,Men,2025-05-04 14:25:20
Outerwear 617,$110.37,⭐ 4.3 / 5,3 Colors,M,Women,2025-05-04 14:25:20
Jacket 618,$404.63,⭐ 3.3 / 5,3 Colors,L,Unisex,2025-05-04 14:25:20
Crewneck 619,$521.29,⭐ 4.4 / 5,3 Colors,XL,Men,2025-05-04 14:25:20
T-shirt 620,$141.89,⭐ 3.3 / 5,3 Colors,XXL,Women,2025-05-04 14:25:20
Unknown Product,$100.00,⭐ Invalid Rating / 5,5 Colors,M,Men,2025-05-04 14:25:21
Pants 622,$303.10,⭐ 3.5 / 5,3 Colors,M,Men,2025-05-04 14:25:21
Outerwear 623,$456.22,⭐ 4.6 / 5,3 Colors,L,Women,2025-05-04 14:25:21
Jacket 624,$433.95,⭐ 3.9 / 5,3 Colors,XL,Unisex,2025-05-04 14:25:21
Crewneck 625,$489.15,⭐ 4.1 / 5,3 Colors,XXL,Men,2025-05-04 14:25:21
T-shirt 626,$486.09,⭐ 4.5 / 5,3 Colors,S,Women,2025-05-04 14:25:21
Hoodie 627,$77.02,⭐ 3.2 / 5,3 Colors,M,Unisex,2025-05-04 14:25:21
Pants 628,$507.07,⭐ 4.3 / 5,3 Colors,L,Men,2025-05-04 14:25:21
Outerwear 629,$249.87,⭐ 4.4 / 5,3 Colors,XL,Women,2025-05-04 14:25:21
Jacket 630,$62.73,⭐ 3.8 / 5,3 Colors,XXL,Unisex,2025-05-04 14:25:21
Unknown Product,$100.00,⭐ Invalid Rating / 5,5 Colors,M,Men,2025-05-04 14:25:21
T-shirt 632,$269.64,⭐ 3.6 / 5,3 Colors,M,Women,2025-05-04 14:25:21
Hoodie 633,$195.50,⭐ 3.1 / 5,3 Colors,L,Unisex,2025-05-04 14:25:21
Pants 634,$533.48,⭐ 3.9 / 5,3 Colors,XL,Men,2025-05-04 14:25:21
Outerwear 635,$431.07,⭐ 4.1 / 5,3 Colors,XXL,Women,2025-05-04 14:25:21
Jacket 636,$217.27,⭐ 4.5 / 5,3 Colors,S,Unisex,2025-05-04 14:25:21
Crewneck 637,$376.89,⭐ 4.0 / 5,3 Colors,M,Men,2025-05-04 14:25:21
T-shirt 638,$326.31,⭐ 4.6 / 5,3 Colors,L,Women,2025-05-04 14:25:21
Hoodie 639,$423.92,⭐ 4.7 / 5,3 Colors,XL,Unisex,2025-05-04 14:25:21
Pants 640,$189.91,⭐ 3.8 / 5,3 Colors,XXL,Men,2025-05-04 14:25:21
Unknown Product,$100.00,⭐ Invalid Rating / 5,5 Colors,M,Men,2025-05-04 14:25:22
Jacket 642,$484.21,⭐ 4.7 / 5,3 Colors,M,Unisex,2025-05-04 14:25:22
Crewneck 643,$382.25,⭐ 3.2 / 5,3 Colors,L,Men,2025-05-04 14:25:22
T-shirt 644,$467.46,⭐ 4.2 / 5,3 Colors,XL,Women,2025-05-04 14:25:22
Hoodie 645,$205.34,⭐ 3.3 / 5,3 Colors,XXL,Unisex,2025-05-04 14:25:22
Pants 646,N/A,Not Rated,8 Colors,S,Men,2025-05-04 14:25:22
Outerwear 647,$269.06,⭐ 3.8 / 5,3 Colors,M,Women,2025-05-04 14:25:22
Jacket 648,$543.72,⭐ 4.5 / 5,3 Colors,L,Unisex,2025-05-04 14:25:22
Crewneck 649,$536.76,⭐ 3.2 / 5,3 Colors,XL,Men,2025-05-04 14:25:22
T-shirt 650,$500.80,⭐ 3.4 / 5,3 Colors,XXL,Women,2025-05-04 14:25:22
Unknown Product,$100.00,⭐ Invalid Rating / 5,5 Colors,M,Men,2025-05-04 14:25:22
Pants 652,$380.31,⭐ 3.3 / 5,3 Colors,M,Men,2025-05-04 14:25:22
Outerwear 653,$163.88,⭐ 4.0 / 5,3 Colors,L,Women,2025-05-04 14:25:22
Jacket 654,$255.59,⭐ 4.7 / 5,3 Colors,XL,Unisex,2025-05-04 14:25:22
Crewneck 655,$114.64,⭐ 4.1 / 5,3 Colors,XXL,Men,2025-05-04 14:25:22
T-shirt 656,$158.67,⭐ 4.2 / 5,3 Colors,S,Women,2025-05-04 14:25:22
Hoodie 657,$528.69,⭐ 4.8 / 5,3 Colors,M,Unisex,2025-05-04 14:25:22
Pants 658,$391.77,⭐ 3.8 / 5,3 Colors,L,Men,2025-05-04 14:25:22
Outerwear 659,$113.62,⭐ 3.3 / 5,3 Colors,XL,Women,2025-05-04 14:25:22
Jacket 660,$544.70,⭐ 3.5 / 5,3 Colors,XXL,Unisex,2025-05-04 14:25:22
Unknown Product,$100.00,⭐ Invalid Rating / 5,5 Colors,M,Men,2025-05-04 14:25:23
T-shirt 662,$88.92,⭐ 4.5 / 5,3 Colors,M,Women,2025-05-04 14:25:23
Hoodie 663,$442.95,⭐ 4.0 / 5,3 Colors,L,Unisex,2025-05-04 14:25:23
Pants 664,$515.54,⭐ 3.5 / 5,3 Colors,XL,Men,2025-05-04 14:25:23
Outerwear 665,$252.10,⭐ 3.2 / 5,3 Colors,XXL,Women,2025-05-04 14:25:23
Jacket 666,$302.75,⭐ 3.9 / 5,3 Colors,S,Unisex,2025-05-04 14:25:23
Crewneck 667,$109.79,⭐ 3.7 / 5,3 Colors,M,Men,2025-05-04 14:25:23
T-shirt 668,$315.29,⭐ 3.7 / 5,3 Colors,L,Women,2025-05-04 14:25:23
Hoodie 669,$146.63,⭐ 3.3 / 5,3 Colors,XL,Unisex,2025-05-04 14:25:23
Pants 670,$525.42,⭐ 4.8 / 5,3 Colors,XXL,Men,2025-05-04 14:25:23
Unknown Product,$100.00,⭐ Invalid Rating / 5,5 Colors,M,Men,2025-05-04 14:25:23
Jacket 672,$298.51,⭐ 4.5 / 5,3 Colors,M,Unisex,2025-05-04 14:25:23
Crewneck 673,$175.21,⭐ 4.7 / 5,3 Colors,L,Men,2025-05-04 14:25:23
T-shirt 674,$197.29,⭐ 3.1 / 5,3 Colors,XL,Women,2025-05-04 14:25:23
Hoodie 675,$269.68,⭐ 3.2 / 5,3 Colors,XXL,Unisex,2025-05-04 14:25:23
Pants 676,N/A,Not Rated,8 Colors,S,Men,2025-05-04 14:25:23
Outerwear 677,$291.09,⭐ 3.3 / 5,3 Colors,M,Women,2025-05-04 14:25:23
Jacket 678,$173.57,⭐ 4.3 / 5,3 Colors,L,Unisex,2025-05-04 14:25:23
Crewneck 679,$398.32,⭐ 3.2 / 5,3 Colors,XL,Men,2025-05-04 14:25:23
T-shirt 680,$510.30,⭐ 3.2 / 5,3 Colors,XXL,Women,2025-05-04 14:25:23
Unknown Product,$100.00,⭐ Invalid Rating / 5,5 Colors,M,Men,2025-05-04 14:25:25
Pants 682,$476.03,⭐ 3.9 / 5,3 Colors,M,Men,2025-05-04 14:25:25
Outerwear 683,$244.21,⭐ 3.6 / 5,3 Colors,L,Women,2025-05-04 14:25:25
Jacket 684,$443.91,⭐ 3.5 / 5,3 Colors,XL,Unisex,2025-05-04 14:25:25
Crewneck 685,$93.49,⭐ 4.6 / 5,3 Colors,XXL,Men,2025-05-04 14:25:25
T-shirt 686,$336.36,⭐ 3.8 / 5,3 Colors,S,Women,2025-05-04 14:25:25
Hoodie 687,$263.80,⭐ 4.7 / 5,3 Colors,M,Unisex,2025-05-04 14:25:25
Pants 688,$92.97,⭐ 4.4 / 5,3 Colors,L,Men,2025-05-04 14:25:25
Outerwear 689,$121.19,⭐ 4.6 / 5,3 Colors,XL,Women,2025-05-04 14:25:25
Jacket 690,$548.91,⭐ 4.7 / 5,3 Colors,XXL,Unisex,2025-05-04 14:25:25
Unknown Product,$100.00,⭐ Invalid Rating / 5,5 Colors,M,Men,2025-05-04 14:25:25
T-shirt 692,$88.53,⭐ 4.1 / 5,3 Colors,M,Women,2025-05-04 14:25:25
Hoodie 693,$189.48,⭐ 4.1 / 5,3 Colors,L,Unisex,2025-05-04 14:25:25
Pants 694,$154.17,⭐ 3.4 / 5,3 Colors,XL,Men,2025-05-04 14:25:25
Outerwear 695,$59.96,⭐ 3.3 / 5,3 Colors,XXL,Women,2025-05-04 14:25:25
Jacket 696,$321.64,⭐ 4.2 / 5,3 Colors,S,Unisex,2025-05-04 14:25:25
Crewneck 697,$409.07,⭐ 5.0 / 5,3 Colors,M,Men,2025-05-04 14:25:25
T-shirt 698,$152.81,⭐ 4.1 / 5,3 Colors,L,Women,2025-05-04 14:25:25
Hoodie 699,$328.14,⭐ 4.5 / 5,3 Colors,XL,Unisex,2025-05-04 14:25:25
Pants 700,$220.41,⭐ 4.3 / 5,3 Colors,XXL,Men,2025-05-04 14:25:25
Unknown Product,$100.00,⭐ Invalid Rating / 5,5 Colors,M,Men,2025-05-04 14:25:26
Jacket 702,$307.98,⭐ 4.3 / 5,3 Colors,M,Unisex,2025-05-04 14:25:26
Crewneck 703,$184.32,⭐ 4.2 / 5,3 Colors,L,Men,2025-05-04 14:25:26
T-shirt 704,$388.39,⭐ 4.1 / 5,3 Colors,XL,Women,2025-05-04 14:25:26
Hoodie 705,$190.18,⭐ 3.1 / 5,3 Colors,XXL,Unisex,2025-05-04 14:25:26
Pants 706,N/A,Not Rated,8 Colors,S,Men,2025-05-04 14:25:26
Outerwear 707,$484.14,⭐ 4.4 / 5,3 Colors,M,Women,2025-05-04 14:25:26
Jacket 708,$533.83,⭐ 4.3 / 5,3 Colors,L,Unisex,2025-05-04 14:25:26
Crewneck 709,$438.90,⭐ 3.9 / 5,3 Colors,XL,Men,2025-05-04 14:25:26
T-shirt 710,$234.47,⭐ 3.2 / 5,3 Colors,XXL,Women,2025-05-04 14:25:26
Unknown Product,$100.00,⭐ Invalid Rating / 5,5 Colors,M,Men,2025-05-04 14:25:26
Pants 712,$94.40,⭐ 4.1 / 5,3 Colors,M,Men,2025-05-04 14:25:26
Outerwear 713,$196.43,⭐ 4.4 / 5,3 Colors,L,Women,2025-05-04 14:25:26
Jacket 714,$55.77,⭐ 3.1 / 5,3 Colors,XL,Unisex,2025-05-04 14:25:26
Crewneck 715,$438.86,⭐ 3.9 / 5,3 Colors,XXL,Men,2025-05-04 14:25:26
T-shirt 716,$225.16,⭐ 4.9 / 5,3 Colors,S,Women,2025-05-04 14:25:26
Hoodie 717,$95.80,⭐ 3.6 / 5,3 Colors,M,Unisex,2025-05-04 14:25:26
Pants 718,$253.57,⭐ 3.2 / 5,3 Colors,L,Men,2025-05-04 14:25:26
Outerwear 719,$198.31,⭐ 4.7 / 5,3 Colors,XL,Women,2025-05-04 14:25:26
Jacket 720,$126.77,⭐ 3.8 / 5,3 Colors,XXL,Unisex,2025-05-04 14:25:26
Unknown Product,$100.00,⭐ Invalid Rating / 5,5 Colors,M,Men,2025-05-04 14:25:27
T-shirt 722,$545.27,⭐ 3.2 / 5,3 Colors,M,Women,2025-05-04 14:25:27
Hoodie 723,$354.05,⭐ 3.4 / 5,3 Colors,L,Unisex,2025-05-04 14:25:27
Pants 724,$301.55,⭐ 4.7 / 5,3 Colors,XL,Men,2025-05-04 14:25:27
Outerwear 725,$311.20,⭐ 3.0 / 5,3 Colors,XXL,Women,2025-05-04 14:25:27
Jacket 726,$396.62,⭐ 3.5 / 5,3 Colors,S,Unisex,2025-05-04 14:25:27
Crewneck 727,$251.50,⭐ 4.8 / 5,3 Colors,M,Men,2025-05-04 14:25:27
T-shirt 728,$510.84,⭐ 3.0 / 5,3 Colors,L,Women,2025-05-04 14:25:27
Hoodie 729,$401.96,⭐ 3.6 / 5,3 Colors,XL,Unisex,2025-05-04 14:25:27
Pants 730,$451.80,⭐ 4.5 / 5,3 Colors,XXL,Men,2025-05-04 14:25:27
Unknown Product,$100.00,⭐ Invalid Rating / 5,5 Colors,M,Men,2025-05-04 14:25:27
Jacket 732,$412.35,⭐ 3.9 / 5,3 Colors,M,Unisex,2025-05-04 14:25:27
Crewneck 733,$72.68,⭐ 4.7 / 5,3 Colors,L,Men,2025-05-04 14:25:27
T-shirt 734,$428.66,⭐ 4.2 / 5,3 Colors,XL,Women,2025-05-04 14:25:27
Hoodie 735,$291.52,⭐ 4.0 / 5,3 Colors,XXL,Unisex,2025-05-04 14:25:27
Pants 736,N/A,Not Rated,8 Colors,S,Men,2025-05-04 14:25:27
Outerwear 737,$63.48,⭐ 4.7 / 5,3 Colors,M,Women,2025-05-04 14:25:27
Jacket 738,$118.37,⭐ 3.7 / 5,3 Colors,L,Unisex,2025-05-04 14:25:27
Crewneck 739,$504.56,⭐ 3.3 / 5,3 Colors,XL,Men,2025-05-04 14:25:27
T-shirt 740,$438.54,⭐ 3.4 / 5,3 Colors,XXL,Women,2025-05-04 14:25:27
Unknown Product,$100.00,⭐ Invalid Rating / 5,5 Colors,M,Men,2025-05-04 14:25:28
Pants 742,$351.63,⭐ 3.6 / 5,3 Colors,M,Men,2025-05-04 14:25:28
Outerwear 743,$354.88,⭐ 3.0 / 5,3 Colors,L,Women,2025-05-04 14:25:28
Jacket 744,$323.48,⭐ 4.1 / 5,3 Colors,XL,Unisex,2025-05-04 14:25:28
Crewneck 745,$180.16,⭐ 3.8 / 5,3 Colors,XXL,Men,2025-05-04 14:25:28
T-shirt 746,$94.84,⭐ 5.0 / 5,3 Colors,S,Women,2025-05-04 14:25:28
Hoodie 747,$395.43,⭐ 4.7 / 5,3 Colors,M,Unisex,2025-05-04 14:25:28
Pants 748,$195.88,⭐ 3.7 / 5,3 Colors,L,Men,2025-05-04 14:25:28
Outerwear 749,$164.21,⭐ 3.2 / 5,3 Colors,XL,Women,2025-05-04 14:25:28
Jacket 750,$64.40,⭐ 3.7 / 5,3 Colors,XXL,Unisex,2025-05-04 14:25:28
Unknown Product,$100.00,⭐ Invalid Rating / 5,5 Colors,M,Men,2025-05-04 14:25:28
T-shirt 752,$464.47,⭐ 3.8 / 5,3 Colors,M,Women,2025-05-04 14:25:28
Hoodie 753,$508.60,⭐ 4.8 / 5,3 Colors,L,Unisex,2025-05-04 14:25:28
Pants 754,$451.86,⭐ 3.1 / 5,3 Colors,XL,Men,2025-05-04 14:25:28
Outerwear 755,$431.90,⭐ 4.6 / 5,3 Colors,XXL,Women,2025-05-04 14:25:28
Jacket 756,$445.50,⭐ 3.1 / 5,3 Colors,S,Unisex,2025-05-04 14:25:28
Crewneck 757,$473.92,⭐ 4.4 / 5,3 Colors,M,Men,2025-05-04 14:25:28
T-shirt 758,$376.62,⭐ 3.1 / 5,3 Colors,L,Women,2025-05-04 14:25:28
Hoodie 759,$173.74,⭐ 4.7 / 5,3 Colors,XL,Unisex,2025-05-04 14:25:28
Pants 760,$136.94,⭐ 4.1 / 5,3 Colors,XXL,Men,2025-05-04 14:25:28
Unknown Product,$100.00,⭐ Invalid Rating / 5,5 Colors,M,Men,2025-05-04 14:25:29
Jacket 762,$255.74,⭐ 4.9 / 5,3 Colors,M,Unisex,2025-05-04 14:25:29
Crewneck 763,$362.04,⭐ 3.9 / 5,3 Colors,L,Men,2025-05-04 14:25:29
T-shirt 764,$450.73,⭐ 3.4 / 5,3 Colors,XL,Women,2025-05-04 14:25:29
Hoodie 765,$83.96,⭐ 4.9 / 5,3 Colors,XXL,Unisex,2025-05-04 14:25:29
Pants 766,N/A,Not Rated,8 Colors,S,Men,2025-05-04 14:25:29
Outerwear 767,$259.55,⭐ 4.5 / 5,3 Colors,M,Women,2025-05-04 14:25:29
Jacket 768,$353.88,⭐ 4.9 / 5,3 Colors,L,Unisex,2025-05-04 14:25:29
Crewneck 769,$393.41,⭐ 3.3 / 5,3 Colors,XL,Men,2025-05-04 14:25:29
T-shirt 770,$103.44,⭐ 3.5 / 5,3 Colors,XXL,Women,2025-05-04 14:25:29
Unknown Product,$100.00,⭐ Invalid Rating / 5,5 Colors,M,Men,2025-05-04 14:25:29
Pants 772,$546.76,⭐ 3.4 / 5,3 Colors,M,Men,2025-05-04 14:25:29
Outerwear 773,$212.10,⭐ 3.2 / 5,3 Colors,L,Women,2025-05-04 14:25:29
Jacket 774,$92.86,⭐ 4.1 / 5,3 Colors,XL,Unisex,2025-05-04 14:25:29
Crewneck 775,$511.84,⭐ 3.1 / 5,3 Colors,XXL,Men,2025-05-04 14:25:29
T-shirt 776,$333.32,⭐ 3.7 / 5,3 Colors,S,Women,2025-05-04 14:25:29
Hoodie 777,$381.55,⭐ 3.4 / 5,3 Colors,M,Unisex,2025-05-04 14:25:29
Pants 778,$377.17,⭐ 4.2 / 5,3 Colors,L,Men,2025-05-04 14:25:29
Outerwear 779,$363.53,⭐ 3.2 / 5,3 Colors,XL,Women,2025-05-04 14:25:29
Jacket 780,$172.97,⭐ 3.4 / 5,3 Colors,XXL,Unisex,2025-05-04 14:25:29
Unknown Product,$100.00,⭐ Invalid Rating / 5,5 Colors,M,Men,2025-05-04 14:25:30
T-shirt 782,$257.34,⭐ 4.5 / 5,3 Colors,M,Women,2025-05-04 14:25:30
Hoodie 783,$156.92,⭐ 3.0 / 5,3 Colors,L,Unisex,2025-05-04 14:25:30
Pants 784,$333.83,⭐ 3.0 / 5,3 Colors,XL,Men,2025-05-04 14:25:30
Outerwear 785,$402.78,⭐ 4.3 / 5,3 Colors,XXL,Women,2025-05-04 14:25:30
Jacket 786,$421.83,⭐ 5.0 / 5,3 Colors,S,Unisex,2025-05-04 14:25:30
Crewneck 787,$287.10,⭐ 4.7 / 5,3 Colors,M,Men,2025-05-04 14:25:30
T-shirt 788,$190.07,⭐ 4.7 / 5,3 Colors,L,Women,2025-05-04 14:25:30
Hoodie 789,$134.58,⭐ 4.0 / 5,3 Colors,XL,Unisex,2025-05-04 14:25:30
Pants 790,$106.77,⭐ 3.2 / 5,3 Colors,XXL,Men,2025-05-04 14:25:30
Unknown Product,$100.00,⭐ Invalid Rating / 5,5 Colors,M,Men,2025-05-04 14:25:30
Jacket 792,$254.31,⭐ 3.8 / 5,3 Colors,M,Unisex,2025-05-04 14:25:30
Crewneck 793,$540.63,⭐ 4.0 / 5,3 Colors,L,Men,2025-05-04 14:25:30
T-shirt 794,$373.94,⭐ 4.0 / 5,3 Colors,XL,Women,2025-05-04 14:25:30
Hoodie 795,$263.10,⭐ 3.9 / 5,3 Colors,XXL,Unisex,2025-05-04 14:25:30
Pants 796,N/A,Not Rated,8 Colors,S,Men,2025-05-04 14:25:30
Outerwear 797,$173.21,⭐ 4.9 / 5,3 Colors,M,Women,2025-05-04 14:25:30
Jacket 798,$274.44,⭐ 3.4 / 5,3 Colors,L,Unisex,2025-05-04 14:25:30
Crewneck 799,$253.05,⭐ 4.2 / 5,3 Colors,XL,Men,2025-05-04 14:25:30
T-shirt 800,$464.58,⭐ 4.6 / 5,3 Colors,XXL,Women,2025-05-04 14:25:30
Unknown Product,$100.00,⭐ Invalid Rating / 5,5 Colors,M,Men,2025-05-04 14:25:31
Pants 802,$356.89,⭐ 4.4 / 5,3 Colors,M,Men,2025-05-04 14:25:31
Outerwear 803,$117.21,⭐ 4.3 / 5,3 Colors,L,Women,2025-05-04 14:25:31
Jacket 804,$278.69,⭐ 3.9 / 5,3 Colors,XL,Unisex,2025-05-04 14:25:31
Crewneck 805,$204.17,⭐ 4.8 / 5,3 Colors,XXL,Men,2025-05-04 14:25:31
T-shirt 806,$456.91,⭐ 3.0 / 5,3 Colors,S,Women,2025-05-04 14:25:31
Hoodie 807,$313.50,⭐ 4.7 / 5,3 Colors,M,Unisex,2025-05-04 14:25:31
Pants 808,$544.86,⭐ 3.2 / 5,3 Colors,L,Men,2025-05-04 14:25:31
Outerwear 809,$447.66,⭐ 3.7 / 5,3 Colors,XL,Women,2025-05-04 14:25:31
Jacket 810,$237.29,⭐ 4.8 / 5,3 Colors,XXL,Unisex,2025-05-04 14:25:31
Unknown Product,$100.00,⭐ Invalid Rating / 5,5 Colors,M,Men,2025-05-04 14:25:31
T-shirt 812,$400.38,⭐ 4.2 / 5,3 Colors,M,Women,2025-05-04 14:25:31
Hoodie 813,$304.55,⭐ 5.0 / 5,3 Colors,L,Unisex,2025-05-04 14:25:31
Pants 814,$69.38,⭐ 4.7 / 5,3 Colors,XL,Men,2025-05-04 14:25:31
Outerwear 815,$374.09,⭐ 4.8 / 5,3 Colors,XXL,Women,2025-05-04 14:25:31
Jacket 816,$103.07,⭐ 4.5 / 5,3 Colors,S,Unisex,2025-05-04 14:25:31
Crewneck 817,$546.51,⭐ 4.4 / 5,3 Colors,M,Men,2025-05-04 14:25:31
T-shirt 818,$322.52,⭐ 3.8 / 5,3 Colors,L,Women,2025-05-04 14:25:31
Hoodie 819,$296.40,⭐ 4.7 / 5,3 Colors,XL,Unisex,2025-05-04 14:25:31
Pants 820,$376.92,⭐ 3.4 / 5,3 Colors,XXL,Men,2025-05-04 14:25:31
Unknown Product,$100.00,⭐ Invalid Rating / 5,5 Colors,M,Men,2025-05-04 14:25:32
Jacket 822,$52.39,⭐ 4.2 / 5,3 Colors,M,Unisex,2025-05-04 14:25:32
Crewneck 823,$381.47,⭐ 4.7 / 5,3 Colors,L,Men,2025-05-04 14:25:32
T-shirt 824,$206.34,⭐ 4.1 / 5,3 Colors,XL,Women,2025-05-04 14:25:32
Hoodie 825,$66.15,⭐ 3.8 / 5,3 Colors,XXL,Unisex,2025-05-04 14:25:32
Pants 826,N/A,Not Rated,8 Colors,S,Men,2025-05-04 14:25:32
Outerwear 827,$443.19,⭐ 4.8 / 5,3 Colors,M,Women,2025-05-04 14:25:32
Jacket 828,$145.25,⭐ 4.6 / 5,3 Colors,L,Unisex,2025-05-04 14:25:32
Crewneck 829,$289.40,⭐ 4.4 / 5,3 Colors,XL,Men,2025-05-04 14:25:32
T-shirt 830,$281.03,⭐ 3.0 / 5,3 Colors,XXL,Women,2025-05-04 14:25:32
Unknown Product,$100.00,⭐ Invalid Rating / 5,5 Colors,M,Men,2025-05-04 14:25:32
Pants 832,$247.21,⭐ 4.6 / 5,3 Colors,M,Men,2025-05-04 14:25:32
Outerwear 833,$443.83,⭐ 3.0 / 5,3 Colors,L,Women,2025-05-04 14:25:32
Jacket 834,$451.48,⭐ 3.1 / 5,3 Colors,XL,Unisex,2025-05-04 14:25:32
Crewneck 835,$446.46,⭐ 3.9 / 5,3 Colors,XXL,Men,2025-05-04 14:25:32
T-shirt 836,$379.09,⭐ 4.1 / 5,3 Colors,S,Women,2025-05-04 14:25:32
Hoodie 837,$345.79,⭐ 5.0 / 5,3 Colors,M,Unisex,2025-05-04 14:25:32
Pants 838,$178.05,⭐ 3.1 / 5,3 Colors,L,Men,2025-05-04 14:25:32
Outerwear 839,$263.02,⭐ 3.9 / 5,3 Colors,XL,Women,2025-05-04 14:25:32
Jacket 840,$510.29,⭐ 3.6 / 5,3 Colors,XXL,Unisex,2025-05-04 14:25:32
Unknown Product,$100.00,⭐ Invalid Rating / 5,5 Colors,M,Men,2025-05-04 14:25:33
T-shirt 842,$178.69,⭐ 3.3 / 5,3 Colors,M,Women,2025-05-04 14:25:33
Hoodie 843,$187.32,⭐ 3.6 / 5,3 Colors,L,Unisex,2025-05-04 14:25:33
Pants 844,$463.93,⭐ 3.9 / 5,3 Colors,XL,Men,2025-05-04 14:25:33
Outerwear 845,$126.45,⭐ 3.2 / 5,3 Colors,XXL,Women,2025-05-04 14:25:33
Jacket 846,$467.53,⭐ 3.6 / 5,3 Colors,S,Unisex,2025-05-04 14:25:33
Crewneck 847,$299.37,⭐ 3.7 / 5,3 Colors,M,Men,2025-05-04 14:25:33
T-shirt 848,$383.39,⭐ 4.1 / 5,3 Colors,L,Women,2025-05-04 14:25:33
Hoodie 849,$488.51,⭐ 3.5 / 5,3 Colors,XL,Unisex,2025-05-04 14:25:33
Pants 850,$259.01,⭐ 4.2 / 5,3 Colors,XXL,Men,2025-05-04 14:25:33
Unknown Product,$100.00,⭐ Invalid Rating / 5,5 Colors,M,Men,2025-05-04 14:25:33
Jacket 852,$173.58,⭐ 4.1 / 5,3 Colors,M,Unisex,2025-05-04 14:25:33
Crewneck 853,$165.24,⭐ 3.4 / 5,3 Colors,L,Men,2025-05-04 14:25:33
T-shirt 854,$100.00,⭐ 4.5 / 5,3 Colors,XL,Women,2025-05-04 14:25:33
Hoodie 855,$203.11,⭐ 5.0 / 5,3 Colors,XXL,Unisex,2025-05-04 14:25:33
Pants 856,N/A,Not Rated,8 Colors,S,Men,2025-05-04 14:25:33
Outerwear 857,$283.30,⭐ 3.0 / 5,3 Colors,M,Women,2025-05-04 14:25:33
Jacket 858,$234.29,⭐ 3.7 / 5,3 Colors,L,Unisex,2025-05-04 14:25:33
Crewneck 859,$401.16,⭐ 3.0 / 5,3 Colors,XL,Men,2025-05-04 14:25:33
T-shirt 860,$151.21,⭐ 4.7 / 5,3 Colors,XXL,Women,2025-05-04 14:25:33
Unknown Product,$100.00,⭐ Invalid Rating / 5,5 Colors,M,Men,2025-05-04 14:25:35
Pants 862,$258.21,⭐ 3.3 / 5,3 Colors,M,Men,2025-05-04 14:25:35
Outerwear 863,$66.96,⭐ 4.0 / 5,3 Colors,L,Women,2025-05-04 14:25:35
Jacket 864,$135.50,⭐ 4.5 / 5,3 Colors,XL,Unisex,2025-05-04 14:25:35
Crewneck 865,$425.32,⭐ 3.9 / 5,3 Colors,XXL,Men,2025-05-04 14:25:35
T-shirt 866,$149.94,⭐ 3.2 / 5,3 Colors,S,Women,2025-05-04 14:25:35
Hoodie 867,$81.49,⭐ 3.3 / 5,3 Colors,M,Unisex,2025-05-04 14:25:35
Pants 868,$467.11,⭐ 4.6 / 5,3 Colors,L,Men,2025-05-04 14:25:35
Outerwear 869,$377.52,⭐ 4.5 / 5,3 Colors,XL,Women,2025-05-04 14:25:35
Jacket 870,$399.69,⭐ 3.5 / 5,3 Colors,XXL,Unisex,2025-05-04 14:25:35
Unknown Product,$100.00,⭐ Invalid Rating / 5,5 Colors,M,Men,2025-05-04 14:25:35
T-shirt 872,$83.98,⭐ 4.3 / 5,3 Colors,M,Women,2025-05-04 14:25:35
Hoodie 873,$520.10,⭐ 4.8 / 5,3 Colors,L,Unisex,2025-05-04 14:25:35
Pants 874,$172.20,⭐ 4.4 / 5,3 Colors,XL,Men,2025-05-04 14:25:35
Outerwear 875,$156.67,⭐ 4.6 / 5,3 Colors,XXL,Women,2025-05-04 14:25:35
Jacket 876,$201.61,⭐ 4.6 / 5,3 Colors,S,Unisex,2025-05-04 14:25:35
Crewneck 877,$284.54,⭐ 4.6 / 5,3 Colors,M,Men,2025-05-04 14:25:35
T-shirt 878,$300.61,⭐ 4.7 / 5,3 Colors,L,Women,2025-05-04 14:25:35
Hoodie 879,$64.18,⭐ 3.1 / 5,3 Colors,XL,Unisex,2025-05-04 14:25:35
Pants 880,$406.11,⭐ 4.3 / 5,3 Colors,XXL,Men,2025-05-04 14:25:35
Unknown Product,$100.00,⭐ Invalid Rating / 5,5 Colors,M,Men,2025-05-04 14:25:36
Jacket 882,$401.31,⭐ 3.3 / 5,3 Colors,M,Unisex,2025-05-04 14:25:36
Crewneck 883,$368.82,⭐ 3.6 / 5,3 Colors,L,Men,2025-05-04 14:25:36
T-shirt 884,$463.42,⭐ 4.3 / 5,3 Colors,XL,Women,2025-05-04 14:25:36
Hoodie 885,$297.54,⭐ 3.4 / 5,3 Colors,XXL,Unisex,2025-05-04 14:25:36
Pants 886,N/A,Not Rated,8 Colors,S,Men,2025-05-04 14:25:36
Outerwear 887,$487.90,⭐ 3.8 / 5,3 Colors,M,Women,2025-05-04 14:25:36
Jacket 888,$491.83,⭐ 4.2 / 5,3 Colors,L,Unisex,2025-05-04 14:25:36
Crewneck 889,$395.87,⭐ 4.6 / 5,3 Colors,XL,Men,2025-05-04 14:25:36
T-shirt 890,$402.44,⭐ 4.7 / 5,3 Colors,XXL,Women,2025-05-04 14:25:36
Unknown Product,$100.00,⭐ Invalid Rating / 5,5 Colors,M,Men,2025-05-04 14:25:36
Pants 892,$532.21,⭐ 4.4 / 5,3 Colors,M,Men,2025-05-04 14:25:36
Outerwear 893,$167.10,⭐ 3.2 / 5,3 Colors,L,Women,2025-05-04 14:25:36
Jacket 894,$184.16,⭐ 4.8 / 5,3 Colors,XL,Unisex,2025-05-04 14:25:36
Crewneck 895,$70.42,⭐ 4.3 / 5,3 Colors,XXL,Men,2025-05-04 14:25:36
T-shirt 896,$492.11,⭐ 4.9 / 5,3 Colors,S,Women,2025-05-04 14:25:36
Hoodie 897,$379.87,⭐ 3.1 / 5,3 Colors,M,Unisex,2025-05-04 14:25:36
Pants 898,$525.54,⭐ 4.1 / 5,3 Colors,L,Men,2025-05-04 14:25:36
Outerwear 899,$387.06,⭐ 4.8 / 5,3 Colors,XL,Women,2025-05-04 14:25:36
Jacket 900,$450.89,⭐ 3.3 / 5,3 Colors,XXL,Unisex,2025-05-04 14:25:36
Unknown Product,$100.00,⭐ Invalid Rating / 5,5 Colors,M,Men,2025-05-04 14:25:37
T-shirt 902,$197.75,⭐ 3.6 / 5,3 Colors,M,Women,2025-05-04 14:25:37
Hoodie 903,$163.62,⭐ 4.1 / 5,3 Colors,L,Unisex,2025-05-04 14:25:37
Pants 904,$209.77,⭐ 3.9 / 5,3 Colors,XL,Men,2025-05-04 14:25:37
Outerwear 905,$314.24,⭐ 4.9 / 5,3 Colors,XXL,Women,2025-05-04 14:25:37
Jacket 906,$268.86,⭐ 3.9 / 5,3 Colors,S,Unisex,2025-05-04 14:25:37
Crewneck 907,$545.79,⭐ 4.9 / 5,3 Colors,M,Men,2025-05-04 14:25:37
T-shirt 908,$497.18,⭐ 4.2 / 5,3 Colors,L,Women,2025-05-04 14:25:37
Hoodie 909,$523.99,⭐ 3.6 / 5,3 Colors,XL,Unisex,2025-05-04 14:25:37
Pants 910,$149.70,⭐ 4.7 / 5,3 Colors,XXL,Men,2025-05-04 14:25:37
Unknown Product,$100.00,⭐ Invalid Rating / 5,5 Colors,M,Men,2025-05-04 14:25:37
Jacket 912,$490.83,⭐ 4.9 / 5,3 Colors,M,Unisex,2025-05-04 14:25:37
Crewneck 913,$201.39,⭐ 3.5 / 5,3 Colors,L,Men,2025-05-04 14:25:37
T-shirt 914,$362.45,⭐ 4.6 / 5,3 Colors,XL,Women,2025-05-04 14:25:37
Hoodie 915,$165.57,⭐ 4.2 / 5,3 Colors,XXL,Unisex,2025-05-04 14:25:37
Pants 916,N/A,Not Rated,8 Colors,S,Men,2025-05-04 14:25:37
Outerwear 917,$378.85,⭐ 4.0 / 5,3 Colors,M,Women,2025-05-04 14:25:37
Jacket 918,$336.30,⭐ 3.3 / 5,3 Colors,L,Unisex,2025-05-04 14:25:37
Crewneck 919,$522.75,⭐ 4.7 / 5,3 Colors,XL,Men,2025-05-04 14:25:37
T-shirt 920,$231.63,⭐ 3.2 / 5,3 Colors,XXL,Women,2025-05-04 14:25:37
Unknown Product,$100.00,⭐ Invalid Rating / 5,5 Colors,M,Men,2025-05-04 14:25:38
Pants 922,$75.68,⭐ 4.4 / 5,3 Colors,M,Men,2025-05-04 14:25:38
Outerwear 923,$152.24,⭐ 3.7 / 5,3 Colors,L,Women,2025-05-04 14:25:38
Jacket 924,$235.27,⭐ 3.8 / 5,3 Colors,XL,Unisex,2025-05-04 14:25:38
Crewneck 925,$493.80,⭐ 4.5 / 5,3 Colors,XXL,Men,2025-05-04 14:25:38
T-shirt 926,$119.44,⭐ 4.6 / 5,3 Colors,S,Women,2025-05-04 14:25:38
Hoodie 927,$481.65,⭐ 3.5 / 5,3 Colors,M,Unisex,2025-05-04 14:25:38
Pants 928,$244.48,⭐ 3.4 / 5,3 Colors,L,Men,2025-05-04 14:25:38
Outerwear 929,$78.34,⭐ 3.3 / 5,3 Colors,XL,Women,2025-05-04 14:25:38
Jacket 930,$108.82,⭐ 4.9 / 5,3 Colors,XXL,Unisex,2025-05-04 14:25:38
Unknown Product,$100.00,⭐ Invalid Rating / 5,5 Colors,M,Men,2025-05-04 14:25:38
T-shirt 932,$371.10,⭐ 4.2 / 5,3 Colors,M,Women,2025-05-04 14:25:38
Hoodie 933,$310.05,⭐ 3.4 / 5,3 Colors,L,Unisex,2025-05-04 14:25:38
Pants 934,$140.51,⭐ 3.6 / 5,3 Colors,XL,Men,2025-05-04 14:25:38
Outerwear 935,$378.00,⭐ 4.1 / 5,3 Colors,XXL,Women,2025-05-04 14:25:38
Jacket 936,$385.34,⭐ 3.1 / 5,3 Colors,S,Unisex,2025-05-04 14:25:38
Crewneck 937,$154.71,⭐ 4.1 / 5,3 Colors,M,Men,2025-05-04 14:25:38
T-shirt 938,$253.65,⭐ 3.6 / 5,3 Colors,L,Women,2025-05-04 14:25:38
Hoodie 939,$279.13,⭐ 4.8 / 5,3 Colors,XL,Unisex,2025-05-04 14:25:38
Pants 940,$361.00,⭐ 3.7 / 5,3 Colors,XXL,Men,2025-05-04 14:25:38
Unknown Product,$100.00,⭐ Invalid Rating / 5,5 Colors,M,Men,2025-05-04 14:25:39
Jacket 942,$498.31,⭐ 3.0 / 5,3 Colors,M,Unisex,2025-05-04 14:25:39
Crewneck 943,$285.69,⭐ 4.4 / 5,3 Colors,L,Men,2025-05-04 14:25:39
T-shirt 944,$98.64,⭐ 4.6 / 5,3 Colors,XL,Women,2025-05-04 14:25:39
Hoodie 945,$131.73,⭐ 4.2 / 5,3 Colors,XXL,Unisex,2025-05-04 14:25:39
Pants 946,N/A,Not Rated,8 Colors,S,Men,2025-05-04 14:25:39
Outerwear 947,$442.48,⭐ 4.6 / 5,3 Colors,M,Women,2025-05-04 14:25:39
Jacket 948,$287.53,⭐ 3.9 / 5,3 Colors,L,Unisex,2025-05-04 14:25:39
Crewneck 949,$115.27,⭐ 4.4 / 5,3 Colors,XL,Men,2025-05-04 14:25:39
T-shirt 950,$480.73,⭐ 4.9 / 5,3 Colors,XXL,Women,2025-05-04 14:25:39
Unknown Product,$100.00,⭐ Invalid Rating / 5,5 Colors,M,Men,2025-05-04 14:25:39
Pants 952,$447.19,⭐ 3.7 / 5,3 Colors,M,Men,2025-05-04 14:25:39
Outerwear 953,$526.45,⭐ 3.8 / 5,3 Colors,L,Women,2025-05-04 14:25:39
Jacket 954,$242.42,⭐ 4.1 / 5,3 Colors,XL,Unisex,2025-05-04 14:25:39
Crewneck 955,$437.91,⭐ 4.7 / 5,3 Colors,XXL,Men,2025-05-04 14:25:39
T-shirt 956,$278.60,⭐ 3.1 / 5,3 Colors,S,Women,2025-05-04 14:25:39
Hoodie 957,$251.52,⭐ 4.4 / 5,3 Colors,M,Unisex,2025-05-04 14:25:39
Pants 958,$246.64,⭐ 4.8 / 5,3 Colors,L,Men,2025-05-04 14:25:39
Outerwear 959,$426.78,⭐ 4.6 / 5,3 Colors,XL,Women,2025-05-04 14:25:39
Jacket 960,$365.01,⭐ 4.5 / 5,3 Colors,XXL,Unisex,2025-05-04 14:25:39
Unknown Product,$100.00,⭐ Invalid Rating / 5,5 Colors,M,Men,2025-05-04 14:25:40
T-shirt 962,$180.49,⭐ 4.1 / 5,3 Colors,M,Women,2025-05-04 14:25:40
Hoodie 963,$494.76,⭐ 4.6 / 5,3 Colors,L,Unisex,2025-05-04 14:25:40
Pants 964,$242.83,⭐ 3.3 / 5,3 Colors,XL,Men,2025-05-04 14:25:40
Outerwear 965,$194.20,⭐ 4.5 / 5,3 Colors,XXL,Women,2025-05-04 14:25:40
Jacket 966,$531.22,⭐ 4.9 / 5,3 Colors,S,Unisex,2025-05-04 14:25:40
Crewneck 967,$109.00,⭐ 3.5 / 5,3 Colors,M,Men,2025-05-04 14:25:40
T-shirt 968,$252.82,⭐ 4.4 / 5,3 Colors,L,Women,2025-05-04 14:25:40
Hoodie 969,$264.49,⭐ 3.8 / 5,3 Colors,XL,Unisex,2025-05-04 14:25:40
Pants 970,$59.56,⭐ 4.6 / 5,3 Colors,XXL,Men,2025-05-04 14:25:40
Unknown Product,$100.00,⭐ Invalid Rating / 5,5 Colors,M,Men,2025-05-04 14:25:40
Jacket 972,$454.50,⭐ 4.4 / 5,3 Colors,M,Unisex,2025-05-04 14:25:40
Crewneck 973,$445.90,⭐ 3.9 / 5,3 Colors,L,Men,2025-05-04 14:25:40
T-shirt 974,$298.08,⭐ 3.0 / 5,3 Colors,XL,Women,2025-05-04 14:25:40
Hoodie 975,$301.00,⭐ 3.6 / 5,3 Colors,XXL,Unisex,2025-05-04 14:25:40
Pants 976,N/A,Not Rated,8 Colors,S,Men,2025-05-04 14:25:40
Outerwear 977,$209.75,⭐ 3.6 / 5,3 Colors,M,Women,2025-05-04 14:25:40
Jacket 978,$244.89,⭐ 3.6 / 5,3 Colors,L,Unisex,2025-05-04 14:25:40
Crewneck 979,$303.03,⭐ 3.4 / 5,3 Colors,XL,Men,2025-05-04 14:25:40
T-shirt 980,$409.00,⭐ 3.1 / 5,3 Colors,XXL,Women,2025-05-04 14:25:40
Unknown Product,$100.00,⭐ Invalid Rating / 5,5 Colors,M,Men,2025-05-04 14:25:41
Pants 982,$455.11,⭐ 4.9 / 5,3 Colors,M,Men,2025-05-04 14:25:41
Outerwear 983,$360.16,⭐ 3.2 / 5,3 Colors,L,Women,2025-05-04 14:25:41
Jacket 984,$459.34,⭐ 3.8 / 5,3 Colors,XL,Unisex,2025-05-04 14:25:41
Crewneck 985,$389.75,⭐ 4.3 / 5,3 Colors,XXL,Men,2025-05-04 14:25:41
T-shirt 986,$419.61,⭐ 4.5 / 5,3 Colors,S,Women,2025-05-04 14:25:41
Hoodie 987,$250.50,⭐ 4.7 / 5,3 Colors,M,Unisex,2025-05-04 14:25:41
Pants 988,$128.39,⭐ 3.5 / 5,3 Colors,L,Men,2025-05-04 14:25:41
Outerwear 989,$429.34,⭐ 4.2 / 5,3 Colors,XL,Women,2025-05-04 14:25:41
Jacket 990,$207.96,⭐ 4.2 / 5,3 Colors,XXL,Unisex,2025-05-04 14:25:41
Unknown Product,$100.00,⭐ Invalid Rating / 5,5 Colors,M,Men,2025-05-04 14:25:41
T-shirt 992,$302.53,⭐ 4.9 / 5,3 Colors,M,Women,2025-05-04 14:25:41
Hoodie 993,$397.62,⭐ 3.4 / 5,3 Colors,L,Unisex,2025-05-04 14:25:41
Pants 994,$105.86,⭐ 4.4 / 5,3 Colors,XL,Men,2025-05-04 14:25:41
Outerwear 995,$502.92,⭐ 3.2 / 5,3 Colors,XXL,Women,2025-05-04 14:25:41
Jacket 996,$433.90,⭐ 4.3 / 5,3 Colors,S,Unisex,2025-05-04 14:25:41
Crewneck 997,$332.58,⭐ 3.9 / 5,3 Colors,M,Men,2025-05-04 14:25:41
T-shirt 998,$56.75,⭐ 4.2 / 5,3 Colors,L,Women,2025-05-04 14:25:41
Hoodie 999,$533.39,⭐ 4.8 / 5,3 Colors,XL,Unisex,2025-05-04 14:25:41
Pants 1000,$183.64,⭐ 4.7 / 5,3 Colors,XXL,Men,2025-05-04 14:25:41
